Date,SPX,VNQ
3/31/2005,1180.59,51.82
4/1/2005,1172.92,51.85
4/4/2005,1176.12,51.62
4/5/2005,1181.39,51.5
4/6/2005,1184.07,51.77
4/7/2005,1191.14,52.24
4/8/2005,1181.2,52
4/11/2005,1181.21,52.05
4/12/2005,1187.76,52.75
4/13/2005,1173.79,52.81
4/14/2005,1162.05,52.31
4/15/2005,1142.62,52.7
4/18/2005,1145.98,52.62
4/19/2005,1152.78,52.88
4/20/2005,1137.5,52.75
4/21/2005,1159.95,52.74
4/22/2005,1152.12,53.15
4/25/2005,1162.1,53.73
4/26/2005,1151.83,53.8
4/27/2005,1156.38,54.22
4/28/2005,1143.22,54.09
4/29/2005,1156.85,54.81
5/2/2005,1162.16,54.77
5/3/2005,1161.17,54.85
5/4/2005,1175.65,54.9
5/5/2005,1172.63,55.6
5/6/2005,1171.35,54.9
5/9/2005,1178.84,55.85
5/10/2005,1166.22,55.85
5/11/2005,1171.11,55.88
5/12/2005,1159.36,55.32
5/13/2005,1154.05,55.3
5/16/2005,1165.69,55.56
5/17/2005,1173.8,56.05
5/18/2005,1185.56,56.6
5/19/2005,1191.08,57.35
5/20/2005,1189.28,57.47
5/23/2005,1193.86,57.6
5/24/2005,1194.07,56.8
5/25/2005,1190.01,56.1
5/26/2005,1197.62,55.86
5/27/2005,1198.78,56.15
5/31/2005,1191.5,56.74
6/1/2005,1202.22,57.39
6/2/2005,1204.29,57.19
6/3/2005,1196.02,57.2
6/6/2005,1197.51,57.63
6/7/2005,1197.26,58.12
6/8/2005,1194.67,58.36
6/9/2005,1200.93,58.42
6/10/2005,1198.11,58.3
6/13/2005,1200.82,58.57
6/14/2005,1203.91,59.05
6/15/2005,1206.58,59.18
6/16/2005,1210.96,59.24
6/17/2005,1216.96,59.91
6/20/2005,1216.1,59.86
6/21/2005,1213.61,59.35
6/22/2005,1213.88,59.26
6/23/2005,1200.73,59.05
6/24/2005,1191.57,58.93
6/27/2005,1190.69,58.21
6/28/2005,1201.57,58.5
6/29/2005,1199.85,58.69
6/30/2005,1191.33,58.7
7/1/2005,1194.44,59.2
7/5/2005,1204.99,59.95
7/6/2005,1194.94,59.8
7/7/2005,1197.87,59.86
7/8/2005,1211.86,60.88
7/11/2005,1219.44,61.62
7/12/2005,1222.21,61.61
7/13/2005,1223.29,61.25
7/14/2005,1226.5,60.23
7/15/2005,1227.92,60.48
7/18/2005,1221.13,60.64
7/19/2005,1229.35,61.1
7/20/2005,1235.2,61.64
7/21/2005,1227.04,60.77
7/22/2005,1233.68,61.25
7/25/2005,1229.03,61.25
7/26/2005,1231.16,61.93
7/27/2005,1236.79,62.1
7/28/2005,1243.72,62.97
7/29/2005,1234.18,62.89
8/1/2005,1235.35,62.85
8/2/2005,1244.12,63.3
8/3/2005,1245.04,63.15
8/4/2005,1235.86,62.08
8/5/2005,1226.42,59.93
8/8/2005,1223.13,57.77
8/9/2005,1231.38,58.04
8/10/2005,1229.13,58.6
8/11/2005,1237.81,59.38
8/12/2005,1230.39,59.33
8/15/2005,1233.87,59.89
8/16/2005,1219.34,60.24
8/17/2005,1220.24,59.76
8/18/2005,1219.02,59.36
8/19/2005,1219.71,59.15
8/22/2005,1221.73,59.33
8/23/2005,1217.59,59.58
8/24/2005,1209.59,59.79
8/25/2005,1212.37,59.86
8/26/2005,1205.1,59.12
8/29/2005,1212.28,59.13
8/30/2005,1208.41,59.31
8/31/2005,1220.33,60.34
9/1/2005,1221.59,60.88
9/2/2005,1218.02,60.72
9/6/2005,1233.39,62.02
9/7/2005,1236.36,61.89
9/8/2005,1231.67,61.49
9/9/2005,1241.48,61.8
9/12/2005,1240.56,61.61
9/13/2005,1231.2,61.14
9/14/2005,1227.16,61.09
9/15/2005,1227.73,61.12
9/16/2005,1237.91,61.25
9/19/2005,1231.02,60.77
9/20/2005,1221.34,60.3
9/21/2005,1210.2,58.97
9/22/2005,1214.62,59.29
9/23/2005,1215.29,59.34
9/26/2005,1215.63,59.13
9/27/2005,1215.66,58.98
9/28/2005,1216.89,58.41
9/29/2005,1227.68,59.5
9/30/2005,1228.81,60.45
10/3/2005,1226.7,60.27
10/4/2005,1214.47,59.25
10/5/2005,1196.39,58.33
10/6/2005,1191.49,58.25
10/7/2005,1195.9,57.65
10/11/2005,1184.87,56.66
10/12/2005,1177.68,55.64
10/13/2005,1176.84,55.65
10/14/2005,1186.57,56.94
10/17/2005,1190.1,57.27
10/18/2005,1178.14,56.72
10/19/2005,1195.76,57.36
10/20/2005,1177.8,56.45
10/21/2005,1179.59,56.99
10/24/2005,1199.38,58.15
10/25/2005,1196.54,57.91
10/26/2005,1191.38,57.32
10/27/2005,1178.9,56.7
10/28/2005,1198.41,58.41
10/31/2005,1207.01,58.71
11/1/2005,1202.76,57.41
11/2/2005,1214.76,57.94
11/3/2005,1219.94,57.77
11/4/2005,1220.14,57.44
11/7/2005,1222.81,57.71
11/8/2005,1218.59,57.55
11/9/2005,1220.65,58.2
11/10/2005,1230.96,59.58
11/11/2005,1234.72,59.82
11/14/2005,1233.76,59.77
11/15/2005,1229.01,59.74
11/16/2005,1231.21,59.4
11/17/2005,1242.8,60.38
11/18/2005,1248.27,60.6
11/21/2005,1254.85,60.9
11/22/2005,1261.23,61.68
11/23/2005,1265.61,61.95
11/25/2005,1268.25,62.16
11/28/2005,1257.46,61.48
11/29/2005,1257.48,61.52
11/30/2005,1249.48,61.15
12/1/2005,1264.67,62.04
12/2/2005,1265.08,61.73
12/5/2005,1262.09,61.5
12/6/2005,1263.7,61.3
12/7/2005,1257.37,60.98
12/8/2005,1255.84,61.44
12/9/2005,1259.37,61.6
12/12/2005,1260.43,61.64
12/13/2005,1267.43,61.94
12/14/2005,1272.74,62.06
12/15/2005,1270.94,61.59
12/16/2005,1267.32,61.81
12/19/2005,1259.92,61
12/20/2005,1259.62,61.08
12/21/2005,1262.79,61.45
12/22/2005,1268.12,61.8
12/23/2005,1268.66,62.01
12/27/2005,1256.54,60.11
12/28/2005,1258.17,60.04
12/29/2005,1254.42,59.73
12/30/2005,1248.29,59.56
1/3/2006,1268.8,60.76
1/4/2006,1273.46,61.21
1/5/2006,1273.48,61.68
1/6/2006,1285.45,62.26
1/9/2006,1290.15,62.79
1/10/2006,1289.69,63.17
1/11/2006,1294.18,63.27
1/12/2006,1286.06,63.09
1/13/2006,1287.61,62.31
1/17/2006,1282.93,62.06
1/18/2006,1277.93,62.05
1/19/2006,1285.04,62.83
1/20/2006,1261.49,62.22
1/23/2006,1263.82,62.5
1/24/2006,1266.86,62.97
1/25/2006,1264.68,63.01
1/26/2006,1273.83,63.22
1/27/2006,1283.72,63.93
1/30/2006,1285.19,63.88
1/31/2006,1280.08,64.05
2/1/2006,1282.46,64.35
2/2/2006,1270.84,63.9
2/3/2006,1264.03,63.34
2/6/2006,1265.02,63.58
2/7/2006,1254.78,63.08
2/8/2006,1265.65,62.8
2/9/2006,1263.78,63.1
2/10/2006,1266.99,63.16
2/13/2006,1262.86,63.25
2/14/2006,1275.53,63.6
2/15/2006,1280,64.16
2/16/2006,1289.38,64.59
2/17/2006,1287.24,65.28
2/21/2006,1283.03,65.2
2/22/2006,1292.67,65.93
2/23/2006,1287.79,65.82
2/24/2006,1289.43,65.47
2/27/2006,1294.12,65.48
2/28/2006,1280.66,65.24
3/1/2006,1291.24,65.62
3/2/2006,1289.14,65.54
3/3/2006,1287.23,65.18
3/6/2006,1278.26,66.36
3/7/2006,1275.88,65.56
3/8/2006,1278.47,65.9
3/9/2006,1272.23,66.44
3/10/2006,1281.42,67.04
3/13/2006,1284.13,66.6
3/14/2006,1297.48,67.08
3/15/2006,1303.02,68.35
3/16/2006,1305.33,69.06
3/17/2006,1307.25,69.68
3/20/2006,1305.08,68.11
3/21/2006,1297.23,67.32
3/22/2006,1305.04,67.47
3/23/2006,1301.67,67.65
3/24/2006,1302.95,67.55
3/27/2006,1301.61,66.77
3/28/2006,1293.23,67.51
3/29/2006,1302.89,68.77
3/30/2006,1300.25,67.78
3/31/2006,1294.87,67.92
4/3/2006,1297.81,66.75
4/4/2006,1305.93,66.29
4/5/2006,1311.56,66.65
4/6/2006,1309.04,66.38
4/7/2006,1295.5,65.38
4/10/2006,1296.62,64.76
4/11/2006,1286.57,64.6
4/12/2006,1288.12,64.6
4/13/2006,1289.12,63.75
4/17/2006,1285.33,63.57
4/18/2006,1307.28,65.12
4/19/2006,1309.93,65.92
4/20/2006,1311.46,65.99
4/21/2006,1311.28,66
4/24/2006,1308.11,65.66
4/25/2006,1301.74,65.16
4/26/2006,1305.41,64.96
4/27/2006,1309.72,65.37
4/28/2006,1310.61,65.61
5/1/2006,1305.19,64.82
5/2/2006,1313.21,64.16
5/3/2006,1308.12,64.28
5/4/2006,1312.25,65.19
5/5/2006,1325.76,66.03
5/8/2006,1324.66,66.32
5/9/2006,1325.14,66.29
5/10/2006,1322.85,66.05
5/11/2006,1305.92,64.83
5/12/2006,1291.24,64.01
5/15/2006,1294.5,64.89
5/16/2006,1292.08,64.64
5/17/2006,1270.32,63.43
5/18/2006,1261.81,62.94
5/19/2006,1267.03,63.09
5/22/2006,1262.07,62.92
5/23/2006,1256.58,62.23
5/24/2006,1258.57,62.33
5/25/2006,1272.88,63.5
5/26/2006,1280.16,64.26
5/30/2006,1259.87,63.73
5/31/2006,1270.09,63.84
6/1/2006,1285.71,65.01
6/2/2006,1288.22,65.76
6/5/2006,1265.29,66.08
6/6/2006,1263.85,65.29
6/7/2006,1256.15,65.75
6/8/2006,1257.93,65.61
6/9/2006,1252.3,66.04
6/12/2006,1237.44,65.25
6/13/2006,1223.69,64.58
6/14/2006,1230.04,64.03
6/15/2006,1256.16,65.37
6/16/2006,1251.54,65.24
6/19/2006,1240.13,64.79
6/20/2006,1240.12,64.45
6/21/2006,1252.2,65.2
6/22/2006,1245.6,64.74
6/23/2006,1244.5,64.25
6/26/2006,1250.56,64.25
6/27/2006,1239.2,64.18
6/28/2006,1246,64.37
6/29/2006,1272.87,65.8
6/30/2006,1270.2,66.3
7/3/2006,1280.19,67.53
7/5/2006,1270.91,67.42
7/6/2006,1274.08,67.58
7/7/2006,1265.48,67.3
7/10/2006,1267.34,67.83
7/11/2006,1272.43,67.94
7/12/2006,1258.6,68.12
7/13/2006,1242.28,67.2
7/14/2006,1236.2,66.28
7/17/2006,1234.49,66.28
7/18/2006,1236.86,67.28
7/19/2006,1259.81,68.32
7/20/2006,1249.13,67.76
7/21/2006,1240.29,66.65
7/24/2006,1260.91,67.75
7/25/2006,1268.88,68.1
7/26/2006,1268.4,68.34
7/27/2006,1263.2,68.12
7/28/2006,1278.55,69.11
7/31/2006,1276.66,68.88
8/1/2006,1270.92,68.52
8/2/2006,1277.41,68.39
8/3/2006,1280.27,69.04
8/4/2006,1279.36,70.13
8/7/2006,1275.77,69.44
8/8/2006,1271.48,68.41
8/9/2006,1265.95,67.99
8/10/2006,1271.81,68.04
8/11/2006,1266.74,67.62
8/14/2006,1268.21,68.27
8/15/2006,1285.58,69.05
8/16/2006,1295.43,69.18
8/17/2006,1297.48,69.08
8/18/2006,1302.3,69.39
8/21/2006,1297.52,69.79
8/22/2006,1298.82,70.28
8/23/2006,1292.99,69.74
8/24/2006,1296.06,70.01
8/25/2006,1295.09,69.96
8/28/2006,1301.78,70.79
8/29/2006,1304.28,70.8
8/30/2006,1305.37,71.22
8/31/2006,1303.82,71.28
9/1/2006,1311.01,70.87
9/5/2006,1313.25,71.59
9/6/2006,1300.26,71.25
9/7/2006,1294.02,70.67
9/8/2006,1298.92,71.34
9/11/2006,1299.54,71.57
9/12/2006,1313,72.49
9/13/2006,1318.07,72.9
9/14/2006,1316.28,72.51
9/15/2006,1319.66,73.09
9/18/2006,1321.18,72.57
9/19/2006,1317.64,73.11
9/20/2006,1325.18,72.95
9/21/2006,1318.03,72.14
9/22/2006,1314.78,72.33
9/25/2006,1326.37,71.76
9/26/2006,1336.35,71.59
9/27/2006,1336.59,72.22
9/28/2006,1338.88,72.07
9/29/2006,1335.85,72
10/2/2006,1331.32,71.86
10/3/2006,1334.11,72.56
10/4/2006,1350.2,73.4
10/5/2006,1353.22,73.88
10/6/2006,1349.59,73.42
10/10/2006,1353.42,73.85
10/11/2006,1349.95,73.57
10/12/2006,1362.83,74.24
10/13/2006,1365.62,75.09
10/16/2006,1369.06,75.25
10/17/2006,1364.05,75
10/18/2006,1365.8,75.38
10/19/2006,1366.96,75.2
10/20/2006,1368.6,75.1
10/23/2006,1377.02,75.55
10/24/2006,1377.38,75.16
10/25/2006,1382.22,75.54
10/26/2006,1389.08,76.29
10/27/2006,1377.34,75.78
10/30/2006,1377.93,76.21
10/31/2006,1377.94,76.34
11/1/2006,1367.81,75.75
11/2/2006,1367.34,74.31
11/3/2006,1364.3,73.49
11/6/2006,1379.78,74.17
11/7/2006,1382.84,73.36
11/8/2006,1385.72,73.61
11/9/2006,1378.33,73.72
11/10/2006,1380.9,74.02
11/13/2006,1384.42,74.2
11/14/2006,1393.22,75.14
11/15/2006,1396.57,75.23
11/16/2006,1399.76,75.74
11/17/2006,1401.2,75.45
11/20/2006,1400.5,78.06
11/21/2006,1402.81,79.32
11/22/2006,1406.09,79.67
11/24/2006,1400.95,80.01
11/27/2006,1381.96,77.85
11/28/2006,1386.72,78.06
11/29/2006,1399.48,79.16
11/30/2006,1400.63,79.99
12/1/2006,1396.71,79.84
12/4/2006,1409.12,80.77
12/5/2006,1414.76,80.15
12/6/2006,1412.9,79.7
12/7/2006,1407.29,79.21
12/8/2006,1409.84,79.47
12/11/2006,1413.04,79.65
12/12/2006,1411.56,79.29
12/13/2006,1413.21,78.88
12/14/2006,1425.49,78.94
12/15/2006,1427.09,78.35
12/18/2006,1422.48,77.86
12/19/2006,1425.55,77.2
12/20/2006,1423.53,78.01
12/21/2006,1418.3,77.37
12/22/2006,1410.76,75.21
12/26/2006,1416.9,75.75
12/27/2006,1426.84,76.43
12/28/2006,1424.73,76.64
12/29/2006,1418.3,77
1/3/2007,1416.6,77.12
1/4/2007,1418.34,77.22
1/5/2007,1409.71,75.79
1/8/2007,1412.84,75.9
1/9/2007,1412.11,76.86
1/10/2007,1414.85,77.85
1/11/2007,1423.82,78.86
1/12/2007,1430.73,79.11
1/16/2007,1431.9,80.23
1/17/2007,1430.62,80.2
1/18/2007,1426.37,80.1
1/19/2007,1430.5,80.9
1/22/2007,1422.95,80.22
1/23/2007,1427.99,80.6
1/24/2007,1440.13,81.65
1/25/2007,1423.9,82.15
1/26/2007,1422.18,82.42
1/29/2007,1420.62,82.69
1/30/2007,1428.82,83.1
1/31/2007,1438.24,83.76
2/1/2007,1445.94,84.09
2/2/2007,1448.39,84.24
2/5/2007,1446.99,84.24
2/6/2007,1448,85.48
2/7/2007,1450.02,87.27
2/8/2007,1448.31,86.6
2/9/2007,1438.06,85.6
2/12/2007,1433.37,84.05
2/13/2007,1444.26,85.68
2/14/2007,1455.3,85.07
2/15/2007,1456.81,85.7
2/16/2007,1455.54,85.48
2/20/2007,1459.68,86.14
2/21/2007,1457.63,85.86
2/22/2007,1456.38,85.4
2/23/2007,1451.19,83.91
2/26/2007,1449.37,83.49
2/27/2007,1399.04,80.9
2/28/2007,1406.82,81.5
3/1/2007,1403.17,80.68
3/2/2007,1387.17,79.4
3/5/2007,1374.12,76.31
3/6/2007,1395.41,79.11
3/7/2007,1391.97,78
3/8/2007,1401.89,79.25
3/9/2007,1402.84,80.3
3/12/2007,1406.6,80.7
3/13/2007,1377.95,78.8
3/14/2007,1387.17,79.18
3/15/2007,1392.28,79.89
3/16/2007,1386.95,79
3/19/2007,1402.06,79.79
3/20/2007,1410.94,80.11
3/21/2007,1435.04,81.08
3/22/2007,1434.54,81.16
3/23/2007,1436.11,81.21
3/26/2007,1437.5,79.45
3/27/2007,1428.61,78.62
3/28/2007,1417.23,78.1
3/29/2007,1422.53,78.23
3/30/2007,1420.86,79.35
4/2/2007,1424.55,79.85
4/3/2007,1437.77,80.55
4/4/2007,1439.37,80.15
4/5/2007,1443.76,80.07
4/9/2007,1444.61,80.22
4/10/2007,1448.39,80.55
4/11/2007,1438.87,79.35
4/12/2007,1447.8,78.81
4/13/2007,1452.85,79.7
4/16/2007,1468.33,79.8
4/17/2007,1471.48,80.84
4/18/2007,1472.5,80.34
4/19/2007,1470.73,79.8
4/20/2007,1484.35,80.4
4/23/2007,1480.93,81.3
4/24/2007,1480.41,80.75
4/25/2007,1495.42,80.7
4/26/2007,1494.25,80.75
4/27/2007,1494.07,80.55
4/30/2007,1482.37,79.25
5/1/2007,1486.3,78.56
5/2/2007,1495.92,79.18
5/3/2007,1502.39,79.39
5/4/2007,1505.62,78.7
5/7/2007,1509.48,78.92
5/8/2007,1507.72,78.4
5/9/2007,1512.58,79.25
5/10/2007,1491.47,78.19
5/11/2007,1505.85,79.25
5/14/2007,1503.15,78.8
5/15/2007,1501.19,77.6
5/16/2007,1514.14,76.64
5/17/2007,1512.75,75.31
5/18/2007,1522.75,74.55
5/21/2007,1525.1,74.85
5/22/2007,1524.12,75.96
5/23/2007,1522.28,75.38
5/24/2007,1507.51,74.12
5/25/2007,1515.73,74.54
5/29/2007,1518.11,77.2
5/30/2007,1530.23,79.27
5/31/2007,1530.62,78.95
6/1/2007,1536.34,79.06
6/4/2007,1539.18,79.38
6/5/2007,1530.95,78.12
6/6/2007,1517.38,77.59
6/7/2007,1490.72,75.15
6/8/2007,1507.67,76.05
6/11/2007,1509.12,74.91
6/12/2007,1493,73.61
6/13/2007,1515.67,75.24
6/14/2007,1522.97,74.43
6/15/2007,1532.91,75.25
6/18/2007,1531.05,74.09
6/19/2007,1533.7,74.23
6/20/2007,1512.84,72
6/21/2007,1522.19,72.4
6/22/2007,1502.56,72.13
6/25/2007,1497.74,70.07
6/26/2007,1492.89,69.8
6/27/2007,1506.34,71.59
6/28/2007,1505.71,71.22
6/29/2007,1503.35,70.95
7/2/2007,1519.43,72.59
7/3/2007,1524.87,72.39
7/5/2007,1525.4,73.48
7/6/2007,1530.44,73.39
7/9/2007,1531.85,73.34
7/10/2007,1510.12,71.48
7/11/2007,1518.76,71.34
7/12/2007,1547.7,72.26
7/13/2007,1552.5,72.95
7/16/2007,1549.52,72.34
7/17/2007,1549.37,72.08
7/18/2007,1546.17,71.92
7/19/2007,1553.08,72.19
7/20/2007,1534.1,70.93
7/23/2007,1541.57,69.7
7/24/2007,1511.04,68.29
7/25/2007,1518.09,67.55
7/26/2007,1482.66,66.31
7/27/2007,1458.95,64.11
7/30/2007,1473.91,65.35
7/31/2007,1455.27,65.09
8/1/2007,1465.81,65.95
8/2/2007,1472.2,67.04
8/3/2007,1433.06,64.45
8/6/2007,1467.67,66.7
8/7/2007,1476.71,67.07
8/8/2007,1497.49,69.72
8/9/2007,1453.09,68.95
8/10/2007,1453.64,66.87
8/13/2007,1452.92,66.55
8/14/2007,1426.54,64.64
8/15/2007,1406.7,63.55
8/16/2007,1411.27,66.1
8/17/2007,1445.94,67.6
8/20/2007,1445.55,68.84
8/21/2007,1447.12,69.16
8/22/2007,1464.07,70
8/23/2007,1462.5,68.8
8/24/2007,1479.37,69.17
8/27/2007,1466.79,67.67
8/28/2007,1432.36,65.6
8/29/2007,1463.76,68
8/30/2007,1457.64,68.35
8/31/2007,1473.99,69.48
9/4/2007,1489.42,70.4
9/5/2007,1472.29,68.71
9/6/2007,1478.55,69.32
9/7/2007,1453.55,67.65
9/10/2007,1451.7,66.95
9/11/2007,1471.49,68.34
9/12/2007,1471.56,67.94
9/13/2007,1483.95,69.47
9/14/2007,1484.25,69.92
9/17/2007,1476.65,69.41
9/18/2007,1519.78,71.88
9/19/2007,1529.03,73.23
9/20/2007,1518.75,71.33
9/21/2007,1525.75,71.84
9/24/2007,1517.73,72.45
9/25/2007,1517.21,70.65
9/26/2007,1525.42,71.68
9/27/2007,1531.38,72.23
9/28/2007,1526.75,71.46
10/1/2007,1547.04,73.2
10/2/2007,1546.63,74.53
10/3/2007,1539.59,74.17
10/4/2007,1542.84,74.93
10/5/2007,1557.59,76.69
10/9/2007,1565.15,76.08
10/10/2007,1562.47,75.55
10/11/2007,1554.41,75.25
10/12/2007,1561.8,74.54
10/15/2007,1548.71,73.14
10/16/2007,1538.53,72.25
10/17/2007,1541.24,72.14
10/18/2007,1540.08,72.16
10/19/2007,1500.63,69.09
10/22/2007,1506.33,70.9
10/23/2007,1519.59,71.65
10/24/2007,1515.88,70.45
10/25/2007,1514.4,70.6
10/26/2007,1535.28,71.67
10/29/2007,1540.98,70.5
10/30/2007,1531.02,71.47
10/31/2007,1549.38,72.96
11/1/2007,1508.44,69.55
11/2/2007,1509.65,68.56
11/5/2007,1502.17,67.57
11/6/2007,1520.27,68.42
11/7/2007,1475.62,66.29
11/8/2007,1474.77,66.49
11/9/2007,1453.7,65.95
11/12/2007,1439.18,66.71
11/13/2007,1481.05,68.92
11/14/2007,1470.58,67.52
11/15/2007,1451.15,67.4
11/16/2007,1458.74,66.14
11/19/2007,1433.27,64.7
11/20/2007,1439.7,63.45
11/21/2007,1416.77,63.01
11/23/2007,1440.7,64.25
11/26/2007,1407.22,61.17
11/27/2007,1428.23,62.6
11/28/2007,1469.02,65.35
11/29/2007,1469.72,64.3
11/30/2007,1481.14,66.05
12/3/2007,1472.42,65.34
12/4/2007,1462.79,63.58
12/5/2007,1485.01,65.72
12/6/2007,1507.34,67.81
12/7/2007,1504.66,67.57
12/10/2007,1515.96,69.02
12/11/2007,1477.65,65.38
12/12/2007,1486.59,65.16
12/13/2007,1488.41,64.42
12/14/2007,1467.95,62.8
12/17/2007,1445.9,60.86
12/18/2007,1454.98,61.8
12/19/2007,1453,62.43
12/20/2007,1460.12,61.16
12/21/2007,1484.46,62.36
12/24/2007,1496.45,64.38
12/26/2007,1497.66,63.31
12/27/2007,1476.27,62.05
12/28/2007,1478.49,60.96
12/31/2007,1468.36,61.46
1/2/2008,1447.16,61.27
1/3/2008,1447.16,59.36
1/4/2008,1411.63,56.95
1/7/2008,1416.18,57.48
1/8/2008,1390.19,55.49
1/9/2008,1409.13,56.47
1/10/2008,1420.33,57.34
1/11/2008,1401.02,57.35
1/14/2008,1416.25,57.11
1/15/2008,1380.95,55.95
1/16/2008,1373.2,56.59
1/17/2008,1333.25,55.82
1/18/2008,1325.19,55.08
1/22/2008,1310.5,56.4
1/23/2008,1338.6,61.75
1/24/2008,1352.07,60.3
1/25/2008,1330.61,59.95
1/28/2008,1353.96,61.98
1/29/2008,1362.3,61.42
1/30/2008,1355.81,59.78
1/31/2008,1378.55,60.98
2/1/2008,1395.42,63.53
2/4/2008,1380.82,62.87
2/5/2008,1336.64,60.65
2/6/2008,1326.45,59.66
2/7/2008,1336.91,61.07
2/8/2008,1331.29,59.12
2/11/2008,1339.13,57.92
2/12/2008,1348.86,59.57
2/13/2008,1367.21,60.04
2/14/2008,1348.86,58.92
2/15/2008,1349.99,59.4
2/19/2008,1348.78,59.25
2/20/2008,1360.03,59.62
2/21/2008,1342.53,58
2/22/2008,1353.11,59.64
2/25/2008,1371.8,61.46
2/26/2008,1381.29,61.45
2/27/2008,1380.02,61.16
2/28/2008,1367.68,59.9
2/29/2008,1330.63,59.04
3/3/2008,1331.34,59.45
3/4/2008,1326.75,58.89
3/5/2008,1333.7,59.7
3/6/2008,1304.34,56.98
3/7/2008,1293.37,57.91
3/10/2008,1273.37,57.09
3/11/2008,1320.65,60.8
3/12/2008,1308.77,59.52
3/13/2008,1315.48,60.22
3/14/2008,1288.14,59
3/17/2008,1276.6,59.36
3/18/2008,1330.74,61.97
3/19/2008,1298.42,61.5
3/20/2008,1329.51,63.55
3/24/2008,1349.88,64.98
3/25/2008,1352.99,64.65
3/26/2008,1341.13,63.41
3/27/2008,1325.76,62.89
3/28/2008,1315.22,62.15
3/31/2008,1322.7,62.39
4/1/2008,1370.18,65.94
4/2/2008,1367.53,65.62
4/3/2008,1369.31,67.12
4/4/2008,1370.4,66.06
4/7/2008,1372.54,65.45
4/8/2008,1365.54,65.36
4/9/2008,1354.49,63.72
4/10/2008,1360.55,64.34
4/11/2008,1332.83,63.55
4/14/2008,1328.32,63.18
4/15/2008,1334.43,63.82
4/16/2008,1364.71,66.41
4/17/2008,1365.56,66.65
4/18/2008,1390.33,66.27
4/21/2008,1388.17,65.78
4/22/2008,1375.94,65.62
4/23/2008,1379.93,66.44
4/24/2008,1388.82,67.76
4/25/2008,1397.84,68.14
4/28/2008,1396.37,68.05
4/29/2008,1390.94,67.31
4/30/2008,1385.59,66.37
5/1/2008,1409.34,67.8
5/2/2008,1413.9,67.74
5/5/2008,1407.49,67.55
5/6/2008,1418.26,68.02
5/7/2008,1392.57,66.17
5/8/2008,1397.68,65.77
5/9/2008,1388.28,65.41
5/12/2008,1403.58,66.98
5/13/2008,1403.04,67.25
5/14/2008,1408.66,67.67
5/15/2008,1423.57,68.49
5/16/2008,1425.35,68.13
5/19/2008,1426.63,68.24
5/20/2008,1413.4,67.32
5/21/2008,1390.71,65.7
5/22/2008,1394.35,65.14
5/23/2008,1375.93,64.83
5/27/2008,1385.35,65.72
5/28/2008,1390.84,65.83
5/29/2008,1398.26,66.54
5/30/2008,1400.38,66.23
6/2/2008,1385.67,65.12
6/3/2008,1377.65,65.55
6/4/2008,1377.2,65.89
6/5/2008,1404.05,67.4
6/6/2008,1360.68,64.58
6/9/2008,1361.76,63.3
6/10/2008,1358.44,63.33
6/11/2008,1335.49,62.37
6/12/2008,1339.87,63.01
6/13/2008,1360.03,64.06
6/16/2008,1360.14,64.91
6/17/2008,1350.93,63.07
6/18/2008,1337.81,62.14
6/19/2008,1342.83,63.58
6/20/2008,1317.93,62.15
6/23/2008,1318,60.61
6/24/2008,1314.29,59.85
6/25/2008,1321.97,60.83
6/26/2008,1283.15,58.8
6/27/2008,1278.38,58.34
6/30/2008,1280,58.42
7/1/2008,1284.91,58.37
7/2/2008,1261.52,57.65
7/3/2008,1262.9,57.06
7/7/2008,1252.31,55.78
7/8/2008,1273.7,59.94
7/9/2008,1244.69,55.85
7/10/2008,1253.39,56.93
7/11/2008,1239.49,56.65
7/14/2008,1228.3,54.68
7/15/2008,1214.91,54.15
7/16/2008,1245.36,58.1
7/17/2008,1260.32,58.8
7/18/2008,1260.68,58.9
7/21/2008,1260,59.34
7/22/2008,1277,60.93
7/23/2008,1282.19,62.65
7/24/2008,1252.54,58.5
7/25/2008,1257.76,59.46
7/28/2008,1234.37,58.49
7/29/2008,1263.2,61.21
7/30/2008,1284.26,61
7/31/2008,1267.38,60.24
8/1/2008,1260.31,60.29
8/4/2008,1249.01,59.41
8/5/2008,1284.88,62.08
8/6/2008,1289.19,61.78
8/7/2008,1266.07,60.15
8/8/2008,1296.32,61.9
8/11/2008,1305.32,63.9
8/12/2008,1289.59,62.47
8/13/2008,1285.83,61.56
8/14/2008,1292.93,62.55
8/15/2008,1298.2,62.46
8/18/2008,1278.6,61.6
8/19/2008,1266.69,60.08
8/20/2008,1274.54,60.17
8/21/2008,1277.72,59.1
8/22/2008,1292.2,61.11
8/25/2008,1266.84,59.26
8/26/2008,1271.51,59.96
8/27/2008,1281.66,60.56
8/28/2008,1300.68,62.1
8/29/2008,1282.83,61.67
9/2/2008,1277.58,62.07
9/3/2008,1274.98,63.05
9/4/2008,1236.83,61.28
9/5/2008,1242.31,61.29
9/8/2008,1267.79,63.94
9/9/2008,1224.51,61.55
9/10/2008,1232.04,61.66
9/11/2008,1249.05,62.6
9/12/2008,1251.7,62.4
9/15/2008,1192.7,58.8
9/16/2008,1213.6,61.7
9/17/2008,1156.39,58.15
9/18/2008,1206.51,63.09
9/19/2008,1255.08,64.97
9/22/2008,1207.09,59.51
9/23/2008,1188.22,59.91
9/24/2008,1185.87,58.73
9/25/2008,1209.18,59.46
9/26/2008,1213.27,61.3
9/29/2008,1106.42,56.72
9/30/2008,1166.36,60.8
10/1/2008,1161.06,59.33
10/2/2008,1114.28,55.5
10/3/2008,1099.23,53.1
10/6/2008,1056.89,51.51
10/7/2008,996.23,47.09
10/8/2008,984.94,46.44
10/9/2008,909.92,42.76
10/10/2008,899.22,46.85
10/14/2008,998.01,46.44
10/15/2008,907.84,40.48
10/16/2008,946.43,42.83
10/17/2008,940.55,42.37
10/20/2008,985.4,42.68
10/21/2008,955.05,41.22
10/22/2008,896.78,38.31
10/23/2008,908.11,37.31
10/24/2008,876.77,35.19
10/27/2008,848.92,33.19
10/28/2008,940.51,38.38
10/29/2008,930.09,37.02
10/30/2008,954.09,39
10/31/2008,968.75,41.51
11/3/2008,966.3,40.15
11/4/2008,1005.75,42.4
11/5/2008,952.77,38.23
11/6/2008,904.88,36.44
11/7/2008,930.99,38.75
11/10/2008,919.21,35.28
11/11/2008,898.95,34.79
11/12/2008,852.3,32.3
11/13/2008,911.29,35.85
11/14/2008,873.29,31.81
11/17/2008,850.75,30.66
11/18/2008,859.12,30.37
11/19/2008,806.58,26.29
11/20/2008,752.44,24.21
11/21/2008,800.03,25.99
11/24/2008,851.81,30.41
11/25/2008,857.39,30.89
11/26/2008,887.68,32.56
11/28/2008,896.24,32.08
12/1/2008,816.21,25.82
12/2/2008,848.81,29.25
12/3/2008,870.74,30.89
12/4/2008,845.22,30.04
12/5/2008,876.07,33.22
12/8/2008,909.7,36.32
12/9/2008,888.67,33.17
12/10/2008,899.24,36.02
12/11/2008,873.59,30.88
12/12/2008,879.73,34.11
12/15/2008,868.57,32.92
12/16/2008,913.18,36.95
12/17/2008,904.42,37.63
12/18/2008,885.28,34.5
12/19/2008,887.88,36.92
12/22/2008,871.63,35.53
12/23/2008,863.16,35.33
12/24/2008,868.15,34.8
12/26/2008,872.8,35.3
12/29/2008,869.42,33.27
12/30/2008,890.64,34.6
12/31/2008,903.25,36.45
1/2/2009,931.8,35.29
1/5/2009,927.45,34.64
1/6/2009,934.7,36.37
1/7/2009,906.65,35.15
1/8/2009,909.73,34.89
1/9/2009,890.35,33.1
1/12/2009,870.26,31.16
1/13/2009,871.79,32.1
1/14/2009,842.62,30.42
1/15/2009,843.74,31.42
1/16/2009,850.12,32.61
1/20/2009,805.22,28.96
1/21/2009,840.24,31.99
1/22/2009,827.5,30.24
1/23/2009,831.95,31.16
1/26/2009,836.57,30.98
1/27/2009,845.71,31.42
1/28/2009,874.09,34.14
1/29/2009,845.14,31.35
1/30/2009,825.88,30.06
2/2/2009,825.44,30.79
2/3/2009,838.51,30.48
2/4/2009,832.23,29.74
2/5/2009,845.85,29.11
2/6/2009,868.6,31.13
2/9/2009,869.89,31.59
2/10/2009,827.16,28.78
2/11/2009,833.74,29.33
2/12/2009,835.19,28.83
2/13/2009,826.84,27.06
2/17/2009,789.17,25.14
2/18/2009,788.42,25.5
2/19/2009,778.94,24.4
2/20/2009,770.05,25.94
2/23/2009,743.33,23.99
2/24/2009,773.14,26.02
2/25/2009,764.9,25.52
2/26/2009,752.83,24.21
2/27/2009,735.09,23.89
3/2/2009,700.82,22.4
3/3/2009,696.33,22.49
3/4/2009,712.87,22.85
3/5/2009,682.55,21.44
3/6/2009,683.38,21.15
3/9/2009,676.53,21.62
3/10/2009,719.6,24.63
3/11/2009,721.36,24.23
3/12/2009,750.74,26.21
3/13/2009,756.55,25.65
3/16/2009,753.89,23.63
3/17/2009,778.12,25.42
3/18/2009,794.35,26.81
3/19/2009,784.04,25.17
3/20/2009,768.54,23
3/23/2009,822.92,26.72
3/24/2009,806.12,24.66
3/25/2009,813.88,24.58
3/26/2009,832.86,25.13
3/27/2009,815.94,24.01
3/30/2009,787.53,22.7
3/31/2009,797.87,24.28
4/1/2009,811.08,24.15
4/2/2009,834.38,25.9
4/3/2009,842.5,28.13
4/6/2009,835.48,27.81
4/7/2009,815.55,25.73
4/8/2009,825.16,26.11
4/9/2009,856.56,29.61
4/13/2009,858.73,29.7
4/14/2009,841.5,27.18
4/15/2009,852.06,29.54
4/16/2009,865.3,30.53
4/17/2009,869.6,31.08
4/20/2009,832.39,27.88
4/21/2009,850.08,30.35
4/22/2009,843.55,29.29
4/23/2009,851.92,30.61
4/24/2009,866.23,32.06
4/27/2009,857.51,30.14
4/28/2009,855.16,30.54
4/29/2009,873.64,31.87
4/30/2009,872.81,31.73
5/1/2009,877.52,30.69
5/4/2009,907.24,33.22
5/5/2009,903.8,31.98
5/6/2009,919.53,33.2
5/7/2009,907.39,31.3
5/8/2009,929.23,33.39
5/11/2009,909.24,32.12
5/12/2009,908.35,32.03
5/13/2009,883.92,29.93
5/14/2009,893.07,30.64
5/15/2009,882.88,29.61
5/18/2009,909.71,31.99
5/19/2009,908.13,31.38
5/20/2009,903.47,31.13
5/21/2009,888.33,31.22
5/22/2009,887,30.45
5/26/2009,910.33,32.26
5/27/2009,893.06,31.09
5/28/2009,906.83,31.52
5/29/2009,919.14,32.56
6/1/2009,942.87,34.23
6/2/2009,944.74,33.52
6/3/2009,931.76,33.46
6/4/2009,942.46,34.53
6/5/2009,940.09,34.44
6/8/2009,939.14,33.81
6/9/2009,942.43,33.81
6/10/2009,939.15,33.22
6/11/2009,944.89,32.54
6/12/2009,946.21,33.72
6/15/2009,923.72,32.12
6/16/2009,911.97,31.53
6/17/2009,910.71,30.93
6/18/2009,918.37,31.14
6/19/2009,921.23,31.45
6/22/2009,893.04,29.81
6/23/2009,895.1,30.03
6/24/2009,900.94,30.19
6/25/2009,920.26,30.59
6/26/2009,918.9,30.85
6/29/2009,927.23,30.83
6/30/2009,919.32,31.01
7/1/2009,923.33,31.55
7/2/2009,896.42,29.88
7/6/2009,898.72,30.63
7/7/2009,881.03,29.44
7/8/2009,879.56,29.16
7/9/2009,882.68,28.61
7/10/2009,879.13,28.57
7/13/2009,901.05,29.65
7/14/2009,905.84,30.01
7/15/2009,932.68,31.12
7/16/2009,940.74,31.48
7/17/2009,940.38,30.64
7/20/2009,951.13,31.72
7/21/2009,954.58,31.63
7/22/2009,954.07,31.67
7/23/2009,976.29,32.93
7/24/2009,979.26,33.16
7/27/2009,982.18,33.64
7/28/2009,979.62,33.61
7/29/2009,975.15,33.19
7/30/2009,986.75,34.38
7/31/2009,987.48,34.35
8/3/2009,1002.63,34.97
8/4/2009,1005.65,36.88
8/5/2009,1002.72,38.29
8/6/2009,997.08,38
8/7/2009,1010.48,40.12
8/10/2009,1007.1,39.26
8/11/2009,994.35,38.12
8/12/2009,1005.81,38.4
8/13/2009,1012.73,38.6
8/14/2009,1004.09,38.28
8/17/2009,979.73,36.24
8/18/2009,989.67,36.6
8/19/2009,996.46,36.31
8/20/2009,1007.37,37.76
8/21/2009,1026.13,38.75
8/24/2009,1025.57,38.62
8/25/2009,1028,39.05
8/26/2009,1028.12,39.17
8/27/2009,1030.98,39.55
8/28/2009,1028.93,39.9
8/31/2009,1020.62,39.27
9/1/2009,998.04,37.17
9/2/2009,994.75,36.42
9/3/2009,1003.24,37.15
9/4/2009,1016.4,37.58
9/8/2009,1025.39,38.89
9/9/2009,1033.37,39.65
9/10/2009,1044.14,40.24
9/11/2009,1042.73,40.17
9/14/2009,1049.34,41.36
9/15/2009,1052.63,42.02
9/16/2009,1068.76,43.73
9/17/2009,1065.49,43.54
9/18/2009,1068.3,43.6
9/21/2009,1064.66,42.92
9/22/2009,1071.66,44.28
9/23/2009,1060.87,42.68
9/24/2009,1050.78,40.72
9/25/2009,1044.38,40.85
9/28/2009,1062.98,42.54
9/29/2009,1060.61,41.85
9/30/2009,1057.08,41.45
10/1/2009,1029.85,39.59
10/2/2009,1025.21,39.31
10/5/2009,1040.46,40.39
10/6/2009,1054.72,40.28
10/7/2009,1057.58,40.25
10/8/2009,1065.48,41.02
10/9/2009,1071.49,41.37
10/12/2009,1076.19,41.31
10/13/2009,1073.19,40.73
10/14/2009,1092.02,42.22
10/15/2009,1096.56,41.86
10/16/2009,1087.68,40.76
10/19/2009,1097.91,41.64
10/20/2009,1091.06,40.87
10/21/2009,1081.4,40.35
10/22/2009,1092.91,41.41
10/23/2009,1079.6,40.92
10/26/2009,1066.95,40.82
10/27/2009,1063.41,40.23
10/28/2009,1042.63,38.54
10/29/2009,1066.11,40.3
10/30/2009,1036.19,39.6
11/2/2009,1042.88,39.59
11/3/2009,1045.41,40.17
11/4/2009,1046.5,39.31
11/5/2009,1066.63,40.2
11/6/2009,1069.3,39.54
11/9/2009,1093.08,41.49
11/10/2009,1093.01,41.18
11/11/2009,1098.51,41.95
11/12/2009,1087.24,41.52
11/13/2009,1093.48,42.08
11/16/2009,1109.3,43.1
11/17/2009,1110.32,42.35
11/18/2009,1109.8,43.12
11/19/2009,1094.9,42.13
11/20/2009,1091.38,41.83
11/23/2009,1106.24,42.36
11/24/2009,1105.65,41.73
11/25/2009,1110.63,41.9
11/27/2009,1091.49,40.68
11/30/2009,1095.63,42.2
12/1/2009,1108.86,42.82
12/2/2009,1109.24,43.52
12/3/2009,1099.92,43.03
12/4/2009,1105.98,44.3
12/7/2009,1103.25,43.37
12/8/2009,1091.94,43.12
12/9/2009,1095.95,43.03
12/10/2009,1102.35,42.86
12/11/2009,1106.41,43.55
12/14/2009,1114.11,44.34
12/15/2009,1107.93,43.9
12/16/2009,1109.18,44.22
12/17/2009,1096.08,43.95
12/18/2009,1102.47,44.24
12/21/2009,1114.05,44.84
12/22/2009,1118.02,45.31
12/23/2009,1120.59,45.85
12/24/2009,1126.48,45.92
12/28/2009,1127.78,46.14
12/29/2009,1126.2,45.45
12/30/2009,1126.42,45.52
12/31/2009,1115.1,44.74
1/4/2010,1132.99,44.55
1/5/2010,1136.52,44.5
1/6/2010,1137.14,44.42
1/7/2010,1141.69,44.9
1/8/2010,1144.98,44.57
1/11/2010,1146.98,44.83
1/12/2010,1136.22,44.08
1/13/2010,1145.68,44.97
1/14/2010,1148.46,44.93
1/15/2010,1136.03,44.59
1/19/2010,1150.23,45.5
1/20/2010,1138.04,44.99
1/21/2010,1116.48,43.7
1/22/2010,1091.76,42.6
1/25/2010,1096.78,42.9
1/26/2010,1092.17,42.5
1/27/2010,1097.5,42.88
1/28/2010,1084.53,42.51
1/29/2010,1073.87,42.27
2/1/2010,1089.19,43.04
2/2/2010,1103.32,43.63
2/3/2010,1097.28,42.92
2/4/2010,1063.11,41.33
2/5/2010,1066.19,42.09
2/8/2010,1056.74,41.17
2/9/2010,1070.52,41.04
2/10/2010,1068.13,41.12
2/11/2010,1078.47,41.51
2/12/2010,1075.51,42
2/16/2010,1094.87,43.19
2/17/2010,1099.51,43.58
2/18/2010,1106.75,44.23
2/19/2010,1109.17,44.26
2/22/2010,1108.01,44.37
2/23/2010,1094.6,44.03
2/24/2010,1105.24,44.48
2/25/2010,1102.94,44.65
2/26/2010,1104.49,44.63
3/1/2010,1115.71,45.01
3/2/2010,1118.31,45.03
3/3/2010,1118.79,44.91
3/4/2010,1122.97,45.19
3/5/2010,1138.7,46.42
3/8/2010,1138.5,46.89
3/9/2010,1140.45,47
3/10/2010,1145.61,47.42
3/11/2010,1150.24,47.7
3/12/2010,1149.99,48.08
3/15/2010,1150.51,47.97
3/16/2010,1159.46,49.13
3/17/2010,1166.21,49.86
3/18/2010,1165.83,49.59
3/19/2010,1159.9,49.05
3/22/2010,1165.81,49.67
3/23/2010,1174.17,49.53
3/24/2010,1167.72,49.8
3/25/2010,1165.73,49.55
3/26/2010,1166.59,49.29
3/29/2010,1173.22,49.44
3/30/2010,1173.27,49.37
3/31/2010,1169.43,48.81
4/1/2010,1178.1,49.06
4/5/2010,1187.44,50.14
4/6/2010,1189.44,51.29
4/7/2010,1182.45,50.16
4/8/2010,1186.44,50.22
4/9/2010,1194.37,50.93
4/12/2010,1196.48,50.61
4/13/2010,1197.3,51.85
4/14/2010,1210.65,51.93
4/15/2010,1211.67,50.51
4/16/2010,1192.13,49.35
4/19/2010,1197.52,49.57
4/20/2010,1207.17,50.41
4/21/2010,1205.94,51.29
4/22/2010,1208.67,52.08
4/23/2010,1217.28,52.77
4/26/2010,1212.05,53.19
4/27/2010,1183.71,51.49
4/28/2010,1191.36,51.65
4/29/2010,1206.78,53.98
4/30/2010,1186.69,52.3
5/3/2010,1202.26,54.04
5/4/2010,1173.6,52.81
5/5/2010,1165.87,52.1
5/6/2010,1128.15,49.96
5/7/2010,1110.88,49.12
5/10/2010,1159.73,52.36
5/11/2010,1155.79,52.67
5/12/2010,1171.67,53.52
5/13/2010,1157.44,52.65
5/14/2010,1135.68,50.98
5/17/2010,1136.94,51.05
5/18/2010,1120.8,49.76
5/19/2010,1115.05,49.3
5/20/2010,1071.59,46.77
5/21/2010,1087.69,48.34
5/24/2010,1073.65,47.26
5/25/2010,1074.03,47.64
5/26/2010,1067.95,47.54
5/27/2010,1103.06,50.15
5/28/2010,1089.41,49.51
6/1/2010,1070.71,48.48
6/2/2010,1098.38,49.43
6/3/2010,1102.83,49.29
6/4/2010,1064.88,46.5
6/7/2010,1050.47,46.25
6/8/2010,1062,47.08
6/9/2010,1055.69,47.36
6/10/2010,1086.84,49.41
6/11/2010,1091.6,50
6/14/2010,1089.63,50.62
6/15/2010,1115.23,51.75
6/16/2010,1114.61,51.28
6/17/2010,1116.04,51.39
6/18/2010,1117.51,51.23
6/21/2010,1113.2,50.83
6/22/2010,1095.31,49.32
6/23/2010,1092.04,49.45
6/24/2010,1073.69,47.95
6/25/2010,1076.76,49.16
6/28/2010,1074.57,48.58
6/29/2010,1041.24,46.99
6/30/2010,1030.71,46.49
7/1/2010,1027.37,46.33
7/2/2010,1022.58,45.44
7/6/2010,1028.06,44.43
7/7/2010,1060.27,46.59
7/8/2010,1070.25,47.17
7/9/2010,1077.96,47.77
7/12/2010,1078.75,47.92
7/13/2010,1095.34,49.1
7/14/2010,1095.17,48.81
7/15/2010,1096.48,48.65
7/16/2010,1064.88,47.07
7/19/2010,1071.25,47.65
7/20/2010,1083.48,48.54
7/21/2010,1069.59,47.53
7/22/2010,1093.67,49.31
7/23/2010,1102.66,49.94
7/26/2010,1115.01,51.19
7/27/2010,1113.84,51.18
7/28/2010,1106.13,51.08
7/29/2010,1101.53,50.65
7/30/2010,1101.6,50.95
8/2/2010,1125.86,52.66
8/3/2010,1120.46,52.15
8/4/2010,1127.24,52.52
8/5/2010,1125.81,51.86
8/6/2010,1121.64,51.62
8/9/2010,1127.79,52.21
8/10/2010,1121.06,51.7
8/11/2010,1089.47,50.41
8/12/2010,1083.61,49.78
8/13/2010,1079.25,49.78
8/16/2010,1079.38,49.74
8/17/2010,1092.54,50.88
8/18/2010,1094.16,50.93
8/19/2010,1075.63,49.63
8/20/2010,1071.69,49.47
8/23/2010,1067.36,49.21
8/24/2010,1051.87,49.01
8/25/2010,1055.33,49.79
8/26/2010,1047.22,49.49
8/27/2010,1064.59,50.31
8/30/2010,1048.92,49.92
8/31/2010,1049.33,50.3
9/1/2010,1080.29,51.94
9/2/2010,1090.1,52.6
9/3/2010,1104.51,53.37
9/7/2010,1091.84,52.55
9/8/2010,1098.87,52.66
9/9/2010,1104.18,52.05
9/10/2010,1109.55,52.33
9/13/2010,1121.9,53.19
9/14/2010,1121.1,52.99
9/15/2010,1125.07,53.45
9/16/2010,1124.66,53.17
9/17/2010,1125.59,53.33
9/20/2010,1142.71,54.63
9/21/2010,1139.78,53.83
9/22/2010,1134.28,53.1
9/23/2010,1124.83,51.79
9/24/2010,1148.67,52.78
9/27/2010,1142.16,52.13
9/28/2010,1147.7,52.34
9/29/2010,1144.73,51.93
9/30/2010,1141.2,52.08
10/1/2010,1146.24,52.34
10/4/2010,1137.03,52.82
10/5/2010,1160.75,53.66
10/6/2010,1159.97,53.37
10/7/2010,1158.06,53.52
10/8/2010,1165.15,53.67
10/11/2010,1165.32,53.66
10/12/2010,1169.77,54.04
10/13/2010,1178.1,54.6
10/14/2010,1173.81,54.46
10/15/2010,1176.19,54.39
10/18/2010,1184.71,55.09
10/19/2010,1165.9,54.41
10/20/2010,1178.17,55.6
10/21/2010,1180.26,55.54
10/22/2010,1183.08,55.57
10/25/2010,1185.62,55.67
10/26/2010,1185.64,55.27
10/27/2010,1182.45,54.88
10/28/2010,1183.78,54.54
10/29/2010,1183.26,54.55
11/1/2010,1184.38,55.02
11/2/2010,1193.57,55.4
11/3/2010,1197.96,55.4
11/4/2010,1221.06,56.68
11/5/2010,1225.85,57.29
11/8/2010,1223.25,56.98
11/9/2010,1213.4,54.67
11/10/2010,1218.71,55.35
11/11/2010,1213.54,54.91
11/12/2010,1199.21,54.4
11/15/2010,1197.75,53.88
11/16/2010,1178.34,52.03
11/17/2010,1178.59,52.43
11/18/2010,1196.69,52.9
11/19/2010,1199.73,53.18
11/22/2010,1197.84,53.32
11/23/2010,1180.73,52.9
11/24/2010,1198.35,53.92
11/26/2010,1189.4,53.81
11/29/2010,1187.76,53.78
11/30/2010,1180.55,53.54
12/1/2010,1206.07,53.85
12/2/2010,1221.53,54.68
12/3/2010,1224.71,54.67
12/6/2010,1223.12,54.78
12/7/2010,1223.75,54.9
12/8/2010,1228.28,54.09
12/9/2010,1233,53.61
12/10/2010,1240.4,53.96
12/13/2010,1240.46,54.05
12/14/2010,1241.59,53.52
12/15/2010,1235.23,53.01
12/16/2010,1242.87,53.1
12/17/2010,1243.91,53.54
12/20/2010,1247.08,54.18
12/21/2010,1254.6,54.75
12/22/2010,1258.84,55.17
12/23/2010,1256.77,54.92
12/27/2010,1257.54,55
12/28/2010,1258.51,55.22
12/29/2010,1259.78,55.33
12/30/2010,1257.88,55.48
12/31/2010,1257.64,55.37
1/3/2011,1271.87,56.4
1/4/2011,1270.2,55.32
1/5/2011,1276.56,55.52
1/6/2011,1273.85,55
1/7/2011,1271.5,55.02
1/10/2011,1269.75,55.01
1/11/2011,1274.48,54.89
1/12/2011,1285.96,55.12
1/13/2011,1283.76,55.3
1/14/2011,1293.24,55.67
1/18/2011,1295.02,56.15
1/19/2011,1281.92,55.41
1/20/2011,1280.26,55.42
1/21/2011,1283.35,55.46
1/24/2011,1290.84,55.74
1/25/2011,1291.18,56.39
1/26/2011,1296.63,56.48
1/27/2011,1299.54,57.37
1/28/2011,1276.34,56.42
1/31/2011,1286.12,57.17
2/1/2011,1307.59,57.31
2/2/2011,1304.03,57.31
2/3/2011,1307.1,57.47
2/4/2011,1310.87,57.05
2/7/2011,1319.05,57.61
2/8/2011,1324.57,57.86
2/9/2011,1320.88,57.9
2/10/2011,1321.87,58.14
2/11/2011,1329.15,58.52
2/14/2011,1332.32,58.53
2/15/2011,1328.01,58.31
2/16/2011,1336.32,58.44
2/17/2011,1340.43,58.5
2/18/2011,1343.01,58.73
2/22/2011,1315.44,58.22
2/23/2011,1307.4,57.73
2/24/2011,1306.1,57.29
2/25/2011,1319.88,58.41
2/28/2011,1327.22,59.86
3/1/2011,1306.33,58.08
3/2/2011,1308.44,57.55
3/3/2011,1330.97,58.38
3/4/2011,1321.15,57.82
3/7/2011,1310.13,57.4
3/8/2011,1321.82,58.21
3/9/2011,1320.02,58.15
3/10/2011,1295.11,57.26
3/11/2011,1304.28,57.84
3/14/2011,1296.39,57.26
3/15/2011,1281.87,56.96
3/16/2011,1256.88,56.12
3/17/2011,1273.72,56.55
3/18/2011,1279.21,57.12
3/21/2011,1298.38,57.74
3/22/2011,1293.77,57.37
3/23/2011,1297.54,56.74
3/24/2011,1309.66,56.98
3/25/2011,1313.8,57.01
3/28/2011,1310.19,56.94
3/29/2011,1319.44,57.17
3/30/2011,1328.26,58
3/31/2011,1325.83,58.47
