Date,T30y,T10y,T6m
4/1/2005,4.72,4.46,3.04
4/4/2005,4.73,4.47,3.05
4/5/2005,4.75,4.48,3.04
4/6/2005,4.73,4.44,3.02
4/7/2005,4.78,4.49,3.03
4/8/2005,4.77,4.5,3.05
4/11/2005,4.73,4.45,3.08
4/12/2005,4.66,4.38,3.07
4/13/2005,4.68,4.38,3.06
4/14/2005,4.73,4.37,3.05
4/15/2005,4.66,4.27,3.03
4/18/2005,4.62,4.27,3.06
4/19/2005,4.53,4.21,3.04
4/20/2005,4.59,4.22,3.02
4/21/2005,4.62,4.32,3.04
4/22/2005,4.6,4.26,3.05
4/25/2005,4.54,4.26,3.1
4/26/2005,4.59,4.28,3.09
4/27/2005,4.57,4.25,3.08
4/28/2005,4.52,4.19,3.06
4/29/2005,4.53,4.21,3.08
5/2/2005,4.53,4.21,3.1
5/3/2005,4.49,4.21,3.1
5/4/2005,4.6,4.2,3.08
5/5/2005,4.6,4.19,3.05
5/6/2005,4.62,4.28,3.1
5/9/2005,4.64,4.29,3.13
5/10/2005,4.6,4.23,3.11
5/11/2005,4.54,4.21,3.09
5/12/2005,4.54,4.18,3.08
5/13/2005,4.48,4.12,3.04
5/16/2005,4.49,4.13,3.09
5/17/2005,4.47,4.12,3.08
5/18/2005,4.42,4.07,3.06
5/19/2005,4.44,4.11,3.05
5/20/2005,4.44,4.13,3.08
5/23/2005,4.38,4.07,3.1
5/24/2005,4.35,4.04,3.08
5/25/2005,4.4,4.08,3.08
5/26/2005,4.45,4.08,3.06
5/27/2005,4.45,4.08,3.05
5/30/2005,.,.,.
5/31/2005,4.36,4,3.09
6/1/2005,4.27,3.91,3.03
6/2/2005,4.2,3.89,3.04
6/3/2005,4.26,3.98,3.04
6/6/2005,4.23,3.96,3.06
6/7/2005,4.18,3.92,3.05
6/8/2005,4.24,3.95,3.06
6/9/2005,4.23,3.98,3.05
6/10/2005,4.3,4.05,3.05
6/13/2005,4.39,4.09,3.13
6/14/2005,4.41,4.13,3.13
6/15/2005,4.44,4.12,3.13
6/16/2005,4.36,4.09,3.12
6/17/2005,4.35,4.09,3.13
6/20/2005,4.34,4.11,3.17
6/21/2005,4.32,4.06,3.18
6/22/2005,4.23,3.95,3.15
6/23/2005,4.27,3.96,3.17
6/24/2005,4.23,3.92,3.17
6/27/2005,4.25,3.9,3.23
6/28/2005,4.22,3.97,3.25
6/29/2005,4.24,3.99,3.23
6/30/2005,4.19,3.94,3.24
7/1/2005,4.28,4.06,3.28
7/4/2005,.,.,.
7/5/2005,4.34,4.11,3.33
7/6/2005,4.31,4.08,3.31
7/7/2005,4.28,4.05,3.27
7/8/2005,4.33,4.11,3.29
7/11/2005,4.3,4.11,3.36
7/12/2005,4.36,4.15,3.37
7/13/2005,4.38,4.17,3.35
7/14/2005,4.4,4.19,3.36
7/15/2005,4.39,4.18,3.37
7/18/2005,4.44,4.22,3.43
7/19/2005,4.41,4.2,3.43
7/20/2005,4.37,4.17,3.43
7/21/2005,4.48,4.28,3.49
7/22/2005,4.39,4.23,3.5
7/25/2005,4.44,4.25,3.56
7/26/2005,4.44,4.24,3.55
7/27/2005,4.42,4.27,3.55
7/28/2005,4.38,4.2,3.54
7/29/2005,4.42,4.28,3.57
8/1/2005,4.46,4.32,3.61
8/2/2005,4.52,4.34,3.61
8/3/2005,4.48,4.3,3.6
8/4/2005,4.5,4.32,3.6
8/5/2005,4.56,4.4,3.63
8/8/2005,4.58,4.42,3.7
8/9/2005,4.56,4.41,3.67
8/10/2005,4.56,4.4,3.66
8/11/2005,4.51,4.32,3.66
8/12/2005,4.42,4.24,3.67
8/15/2005,4.45,4.27,3.7
8/16/2005,4.41,4.23,3.68
8/17/2005,4.49,4.28,3.68
8/18/2005,4.4,4.21,3.66
8/19/2005,4.4,4.21,3.69
8/22/2005,4.4,4.22,3.7
8/23/2005,4.39,4.2,3.69
8/24/2005,4.38,4.19,3.69
8/25/2005,4.37,4.18,3.69
8/26/2005,4.38,4.2,3.7
8/29/2005,4.37,4.2,3.71
8/30/2005,4.34,4.16,3.67
8/31/2005,4.23,4.02,3.62
9/1/2005,4.28,4.02,3.51
9/2/2005,4.26,4.03,3.52
9/5/2005,.,.,.
9/6/2005,4.36,4.09,3.58
9/7/2005,4.43,4.15,3.61
9/8/2005,4.43,4.15,3.61
9/9/2005,4.36,4.14,3.61
9/12/2005,4.45,4.18,3.67
9/13/2005,4.38,4.14,3.65
9/14/2005,4.41,4.17,3.64
9/15/2005,4.51,4.22,3.65
9/16/2005,4.56,4.26,3.69
9/19/2005,4.55,4.25,3.72
9/20/2005,4.49,4.26,3.76
9/21/2005,4.47,4.19,3.71
9/22/2005,4.47,4.19,3.69
9/23/2005,4.47,4.25,3.7
9/26/2005,4.56,4.3,3.76
9/27/2005,4.56,4.3,3.75
9/28/2005,4.46,4.26,3.75
9/29/2005,4.5,4.29,3.76
9/30/2005,4.53,4.34,3.8
10/3/2005,4.58,4.39,3.89
10/4/2005,4.61,4.38,3.89
10/5/2005,4.54,4.36,3.87
10/6/2005,4.55,4.37,3.87
10/7/2005,4.53,4.35,3.87
10/10/2005,.,.,.
10/11/2005,4.56,4.39,3.96
10/12/2005,4.62,4.45,3.96
10/13/2005,4.66,4.48,3.95
10/14/2005,4.67,4.48,3.95
10/17/2005,4.68,4.5,4.03
10/18/2005,4.64,4.49,4.01
10/19/2005,4.66,4.47,4.01
10/20/2005,4.62,4.46,4.02
10/21/2005,4.58,4.39,4.02
10/24/2005,4.63,4.45,4.06
10/25/2005,4.7,4.54,4.07
10/26/2005,4.77,4.6,4.07
10/27/2005,4.74,4.57,4.06
10/28/2005,4.74,4.58,4.08
10/31/2005,4.73,4.57,4.12
11/1/2005,4.74,4.58,4.11
11/2/2005,4.74,4.61,4.11
11/3/2005,4.79,4.65,4.12
11/4/2005,4.84,4.66,4.13
11/7/2005,4.82,4.65,4.16
11/8/2005,4.75,4.57,4.15
11/9/2005,4.78,4.64,4.17
11/10/2005,4.74,4.55,4.15
11/11/2005,.,.,.
11/14/2005,4.75,4.61,4.2
11/15/2005,4.7,4.56,4.19
11/16/2005,4.63,4.49,4.15
11/17/2005,4.6,4.46,4.15
11/18/2005,4.68,4.5,4.16
11/21/2005,4.62,4.46,4.15
11/22/2005,4.65,4.43,4.09
11/23/2005,4.7,4.47,4.14
11/24/2005,.,.,.
11/25/2005,4.66,4.43,4.13
11/28/2005,4.58,4.41,4.16
11/29/2005,4.65,4.48,4.17
11/30/2005,4.66,4.49,4.16
12/1/2005,4.68,4.52,4.17
12/2/2005,4.68,4.52,4.16
12/5/2005,4.72,4.57,4.2
12/6/2005,4.68,4.49,4.18
12/7/2005,4.67,4.52,4.17
12/8/2005,4.62,4.47,4.12
12/9/2005,4.72,4.54,4.13
12/12/2005,4.69,4.56,4.19
12/13/2005,4.68,4.54,4.19
12/14/2005,4.63,4.45,4.15
12/15/2005,4.62,4.47,4.16
12/16/2005,4.63,4.45,4.15
12/19/2005,4.62,4.45,4.22
12/20/2005,4.63,4.47,4.22
12/21/2005,4.65,4.49,4.2
12/22/2005,4.59,4.44,4.17
12/23/2005,4.52,4.38,4.17
12/26/2005,.,.,.
12/27/2005,4.48,4.34,4.2
12/28/2005,4.51,4.38,4.18
12/29/2005,4.49,4.37,4.19
12/30/2005,4.51,4.39,4.22
1/2/2006,.,.,.
1/3/2006,4.52,4.37,4.25
1/4/2006,4.55,4.36,4.22
1/5/2006,4.51,4.36,4.22
1/6/2006,4.53,4.38,4.24
1/9/2006,4.53,4.38,4.25
1/10/2006,4.62,4.43,4.27
1/11/2006,4.61,4.46,4.29
1/12/2006,4.56,4.42,4.28
1/13/2006,4.49,4.36,4.28
1/16/2006,.,.,.
1/17/2006,4.52,4.34,4.31
1/18/2006,4.53,4.34,4.3
1/19/2006,4.51,4.38,4.31
1/20/2006,4.54,4.37,4.32
1/23/2006,4.54,4.36,4.34
1/24/2006,4.53,4.4,4.35
1/25/2006,4.62,4.49,4.38
1/26/2006,4.66,4.53,4.38
1/27/2006,4.7,4.52,4.39
1/30/2006,4.67,4.54,4.45
1/31/2006,4.69,4.53,4.43
2/1/2006,4.69,4.57,4.44
2/2/2006,4.68,4.57,4.45
2/3/2006,4.64,4.54,4.47
2/6/2006,4.61,4.55,4.51
2/7/2006,4.64,4.57,4.5
2/8/2006,4.67,4.56,4.5
2/9/2006,4.51,4.54,4.5
2/10/2006,4.55,4.59,4.53
2/13/2006,4.56,4.58,4.54
2/14/2006,4.6,4.62,4.55
2/15/2006,4.58,4.61,4.53
2/16/2006,4.57,4.59,4.52
2/17/2006,4.51,4.54,4.52
2/20/2006,.,.,.
2/21/2006,4.53,4.57,4.56
2/22/2006,4.48,4.53,4.53
2/23/2006,4.51,4.56,4.56
2/24/2006,4.52,4.58,4.56
2/27/2006,4.55,4.59,4.59
2/28/2006,4.51,4.55,4.57
3/1/2006,4.56,4.59,4.58
3/2/2006,4.62,4.64,4.58
3/3/2006,4.66,4.68,4.58
3/6/2006,4.72,4.74,4.6
3/7/2006,4.72,4.74,4.6
3/8/2006,4.72,4.73,4.6
3/9/2006,4.72,4.74,4.6
3/10/2006,4.74,4.76,4.61
3/13/2006,4.77,4.77,4.65
3/14/2006,4.71,4.71,4.62
3/15/2006,4.75,4.73,4.63
3/16/2006,4.7,4.65,4.6
3/17/2006,4.72,4.68,4.61
3/20/2006,4.7,4.66,4.61
3/21/2006,4.74,4.71,4.64
3/22/2006,4.73,4.7,4.63
3/23/2006,4.75,4.73,4.63
3/24/2006,4.7,4.67,4.61
3/27/2006,4.73,4.7,4.62
3/28/2006,4.8,4.79,4.65
3/29/2006,4.84,4.81,4.65
3/30/2006,4.89,4.86,4.66
3/31/2006,4.9,4.86,4.64
4/3/2006,4.9,4.88,4.68
4/4/2006,4.91,4.87,4.67
4/5/2006,4.9,4.84,4.65
4/6/2006,4.96,4.9,4.67
4/7/2006,5.04,4.97,4.67
4/10/2006,5.04,4.97,4.71
4/11/2006,5,4.93,4.7
4/12/2006,5.05,4.98,4.73
4/13/2006,5.11,5.05,4.76
4/14/2006,.,.,.
4/17/2006,5.08,5.01,4.75
4/18/2006,5.07,4.99,4.72
4/19/2006,5.13,5.04,4.72
4/20/2006,5.14,5.04,4.72
4/21/2006,5.1,5.01,4.72
4/24/2006,5.07,4.99,4.75
4/25/2006,5.16,5.07,4.77
4/26/2006,5.18,5.12,4.79
4/27/2006,5.18,5.09,4.75
4/28/2006,5.17,5.07,4.73
5/1/2006,5.23,5.14,4.79
5/2/2006,5.2,5.12,4.79
5/3/2006,5.24,5.15,4.81
5/4/2006,5.23,5.16,4.82
5/5/2006,5.2,5.12,4.81
5/8/2006,5.19,5.12,4.84
5/9/2006,5.2,5.13,4.84
5/10/2006,5.19,5.13,4.84
5/11/2006,5.23,5.14,4.8
5/12/2006,5.29,5.19,4.81
5/15/2006,5.26,5.15,4.83
5/16/2006,5.22,5.1,4.8
5/17/2006,5.28,5.16,4.81
5/18/2006,5.18,5.08,4.79
5/19/2006,5.14,5.05,4.81
5/22/2006,5.13,5.04,4.83
5/23/2006,5.16,5.07,4.83
5/24/2006,5.13,5.03,4.8
5/25/2006,5.17,5.07,4.82
5/26/2006,5.16,5.06,4.83
5/29/2006,.,.,.
5/30/2006,5.19,5.09,4.85
5/31/2006,5.21,5.12,4.89
6/1/2006,5.2,5.11,4.87
6/2/2006,5.1,5,4.82
6/5/2006,5.1,5.02,4.85
6/6/2006,5.08,5.01,4.86
6/7/2006,5.09,5.02,4.87
6/8/2006,5.06,5,4.87
6/9/2006,5.03,4.98,4.88
6/12/2006,5.03,4.99,4.93
6/13/2006,5.01,4.97,4.93
6/14/2006,5.09,5.05,4.97
6/15/2006,5.13,5.1,4.96
6/16/2006,5.17,5.13,4.99
6/19/2006,5.18,5.14,5.05
6/20/2006,5.19,5.15,5.04
6/21/2006,5.19,5.16,5.03
6/22/2006,5.23,5.2,5.04
6/23/2006,5.26,5.23,5.07
6/26/2006,5.28,5.25,5.11
6/27/2006,5.24,5.21,5.1
6/28/2006,5.28,5.25,5.1
6/29/2006,5.26,5.22,5.06
6/30/2006,5.19,5.15,5.04
7/3/2006,5.2,5.15,5.1
7/4/2006,.,.,.
7/5/2006,5.27,5.23,5.11
7/6/2006,5.23,5.19,5.1
7/7/2006,5.18,5.14,5.08
7/10/2006,5.17,5.13,5.11
7/11/2006,5.14,5.1,5.09
7/12/2006,5.14,5.1,5.09
7/13/2006,5.12,5.08,5.07
7/14/2006,5.11,5.07,5.06
7/17/2006,5.1,5.07,5.09
7/18/2006,5.16,5.13,5.12
7/19/2006,5.1,5.06,5.07
7/20/2006,5.08,5.03,5.04
7/21/2006,5.1,5.05,5.05
7/24/2006,5.11,5.05,5.06
7/25/2006,5.13,5.07,5.05
7/26/2006,5.1,5.04,5.01
7/27/2006,5.11,5.07,5
7/28/2006,5.07,5,4.96
7/31/2006,5.07,4.99,4.98
8/1/2006,5.07,4.99,4.98
8/2/2006,5.05,4.96,4.98
8/3/2006,5.04,4.96,4.99
8/4/2006,5,4.91,4.96
8/7/2006,5,4.93,5
8/8/2006,5.02,4.93,4.96
8/9/2006,5.05,4.92,4.95
8/10/2006,5.06,4.93,4.96
8/11/2006,5.09,4.97,5
8/14/2006,5.12,5,5.04
8/15/2006,5.05,4.93,4.99
8/16/2006,5,4.87,4.96
8/17/2006,5,4.87,4.98
8/18/2006,4.97,4.84,4.99
8/21/2006,4.96,4.82,4.98
8/22/2006,4.95,4.82,4.97
8/23/2006,4.95,4.82,4.97
8/24/2006,4.94,4.81,4.97
8/25/2006,4.93,4.79,4.97
8/28/2006,4.94,4.8,4.98
8/29/2006,4.93,4.79,4.96
8/30/2006,4.91,4.76,4.94
8/31/2006,4.88,4.74,4.92
9/1/2006,4.87,4.73,4.91
9/4/2006,.,.,.
9/5/2006,4.93,4.78,4.93
9/6/2006,4.95,4.8,4.92
9/7/2006,4.94,4.8,4.93
9/8/2006,4.92,4.78,4.91
9/11/2006,4.95,4.8,4.93
9/12/2006,4.91,4.78,4.92
9/13/2006,4.9,4.77,4.89
9/14/2006,4.92,4.79,4.92
9/15/2006,4.92,4.8,4.92
9/18/2006,4.93,4.81,4.92
9/19/2006,4.86,4.74,4.9
9/20/2006,4.85,4.73,4.9
9/21/2006,4.78,4.65,4.85
9/22/2006,4.74,4.6,4.83
9/25/2006,4.7,4.56,4.82
9/26/2006,4.71,4.59,4.83
9/27/2006,4.73,4.6,4.82
9/28/2006,4.76,4.63,4.82
9/29/2006,4.77,4.64,4.83
10/2/2006,4.76,4.62,4.83
10/3/2006,4.76,4.62,4.83
10/4/2006,4.72,4.57,4.81
10/5/2006,4.76,4.61,4.84
10/6/2006,4.84,4.7,4.86
10/9/2006,.,.,.
10/10/2006,4.88,4.75,4.9
10/11/2006,4.91,4.78,4.91
10/12/2006,4.91,4.79,4.93
10/13/2006,4.94,4.81,4.94
10/16/2006,4.92,4.79,4.95
10/17/2006,4.91,4.78,4.95
10/18/2006,4.89,4.77,4.94
10/19/2006,4.91,4.79,4.96
10/20/2006,4.91,4.79,4.95
10/23/2006,4.95,4.83,4.98
10/24/2006,4.95,4.83,4.99
10/25/2006,4.89,4.78,4.98
10/26/2006,4.84,4.73,4.98
10/27/2006,4.8,4.68,4.96
10/30/2006,4.78,4.68,4.96
10/31/2006,4.72,4.61,4.93
11/1/2006,4.68,4.57,4.9
11/2/2006,4.72,4.6,4.93
11/3/2006,4.81,4.72,4.98
11/6/2006,4.79,4.71,4.98
11/7/2006,4.76,4.66,4.96
11/8/2006,4.73,4.64,4.96
11/9/2006,4.73,4.62,4.96
11/10/2006,4.69,4.59,4.96
11/13/2006,4.71,4.61,4.96
11/14/2006,4.66,4.57,4.95
11/15/2006,4.69,4.61,4.96
11/16/2006,4.74,4.66,4.97
11/17/2006,4.69,4.61,4.95
11/20/2006,4.68,4.6,4.95
11/21/2006,4.66,4.58,4.95
11/22/2006,4.65,4.57,4.95
11/23/2006,.,.,.
11/24/2006,4.63,4.55,4.94
11/27/2006,4.62,4.54,4.94
11/28/2006,4.59,4.51,4.93
11/29/2006,4.61,4.52,4.93
11/30/2006,4.56,4.46,4.91
12/1/2006,4.54,4.43,4.86
12/4/2006,4.55,4.43,4.85
12/5/2006,4.57,4.45,4.84
12/6/2006,4.6,4.48,4.86
12/7/2006,4.6,4.49,4.86
12/8/2006,4.66,4.56,4.89
12/11/2006,4.63,4.52,4.88
12/12/2006,4.6,4.49,4.87
12/13/2006,4.69,4.58,4.88
12/14/2006,4.72,4.6,4.89
12/15/2006,4.72,4.6,4.88
12/18/2006,4.72,4.6,4.9
12/19/2006,4.73,4.6,4.89
12/20/2006,4.73,4.6,4.89
12/21/2006,4.7,4.55,4.87
12/22/2006,4.76,4.63,4.89
12/25/2006,.,.,.
12/26/2006,4.73,4.61,4.91
12/27/2006,4.78,4.66,4.91
12/28/2006,4.81,4.7,4.91
12/29/2006,4.81,4.71,4.9
1/1/2007,.,.,.
1/2/2007,4.79,4.68,4.91
1/3/2007,4.77,4.67,4.9
1/4/2007,4.72,4.62,4.88
1/5/2007,4.74,4.65,4.9
1/8/2007,4.74,4.66,4.93
1/9/2007,4.74,4.66,4.93
1/10/2007,4.77,4.69,4.93
1/11/2007,4.82,4.74,4.95
1/12/2007,4.86,4.77,4.96
1/15/2007,.,.,.
1/16/2007,4.85,4.75,4.96
1/17/2007,4.88,4.79,4.96
1/18/2007,4.85,4.75,4.96
1/19/2007,4.87,4.78,4.97
1/22/2007,4.84,4.76,4.98
1/23/2007,4.9,4.81,4.98
1/24/2007,4.91,4.81,4.97
1/25/2007,4.96,4.87,4.98
1/26/2007,4.98,4.88,4.98
1/29/2007,4.99,4.9,4.99
1/30/2007,4.98,4.88,4.98
1/31/2007,4.93,4.83,4.96
2/1/2007,4.93,4.84,4.96
2/2/2007,4.93,4.83,4.96
2/5/2007,4.91,4.81,4.96
2/6/2007,4.87,4.77,4.96
2/7/2007,4.86,4.74,4.96
2/8/2007,4.81,4.73,4.96
2/9/2007,4.87,4.79,4.97
2/12/2007,4.88,4.8,4.98
2/13/2007,4.9,4.82,4.97
2/14/2007,4.83,4.74,4.96
2/15/2007,4.81,4.7,4.95
2/16/2007,4.79,4.69,4.96
2/19/2007,.,.,.
2/20/2007,4.78,4.68,4.96
2/21/2007,4.79,4.69,4.96
2/22/2007,4.83,4.73,4.97
2/23/2007,4.79,4.68,4.97
2/26/2007,4.73,4.63,4.97
2/27/2007,4.62,4.5,4.89
2/28/2007,4.68,4.56,4.91
3/1/2007,4.68,4.56,4.9
3/2/2007,4.65,4.52,4.87
3/5/2007,4.64,4.51,4.87
3/6/2007,4.66,4.53,4.89
3/7/2007,4.64,4.5,4.88
3/8/2007,4.65,4.51,4.88
3/9/2007,4.72,4.59,4.93
3/12/2007,4.69,4.56,4.92
3/13/2007,4.66,4.5,4.89
3/14/2007,4.69,4.53,4.89
3/15/2007,4.69,4.54,4.91
3/16/2007,4.7,4.55,4.93
3/19/2007,4.72,4.58,4.92
3/20/2007,4.71,4.56,4.91
3/21/2007,4.7,4.53,4.87
3/22/2007,4.78,4.6,4.88
3/23/2007,4.8,4.62,4.9
3/26/2007,4.79,4.6,4.88
3/27/2007,4.81,4.62,4.88
3/28/2007,4.83,4.62,4.87
3/29/2007,4.83,4.64,4.86
3/30/2007,4.84,4.65,4.86
4/2/2007,4.84,4.65,4.88
4/3/2007,4.85,4.67,4.88
4/4/2007,4.85,4.66,4.87
4/5/2007,4.87,4.68,4.87
4/6/2007,4.92,4.76,4.9
4/9/2007,4.92,4.75,4.9
4/10/2007,4.91,4.73,4.89
4/11/2007,4.92,4.74,4.89
4/12/2007,4.91,4.74,4.89
4/13/2007,4.93,4.76,4.89
4/16/2007,4.89,4.74,4.88
4/17/2007,4.85,4.69,4.86
4/18/2007,4.81,4.66,4.84
4/19/2007,4.84,4.68,4.84
4/20/2007,4.85,4.68,4.85
4/23/2007,4.83,4.66,4.84
4/24/2007,4.8,4.63,4.83
4/25/2007,4.83,4.66,4.83
4/26/2007,4.87,4.69,4.84
4/27/2007,4.89,4.71,4.83
4/30/2007,4.81,4.63,4.83
5/1/2007,4.81,4.64,4.81
5/2/2007,4.82,4.65,4.82
5/3/2007,4.84,4.68,4.83
5/4/2007,4.8,4.65,4.83
5/7/2007,4.79,4.64,4.83
5/8/2007,4.8,4.63,4.82
5/9/2007,4.83,4.67,4.79
5/10/2007,4.83,4.65,4.75
5/11/2007,4.85,4.67,4.72
5/14/2007,4.86,4.69,4.74
5/15/2007,4.88,4.71,4.71
5/16/2007,4.88,4.71,4.67
5/17/2007,4.91,4.76,4.71
5/18/2007,4.96,4.81,4.78
5/21/2007,4.94,4.79,4.81
5/22/2007,4.98,4.83,4.82
5/23/2007,5.01,4.86,4.81
5/24/2007,5,4.86,4.79
5/25/2007,5.01,4.86,4.77
5/28/2007,.,.,.
5/29/2007,5.01,4.88,4.8
5/30/2007,5.01,4.88,4.79
5/31/2007,5.01,4.9,4.76
6/1/2007,5.06,4.95,4.78
6/4/2007,5.02,4.93,4.79
6/5/2007,5.07,4.98,4.79
6/6/2007,5.08,4.97,4.75
6/7/2007,5.2,5.11,4.77
6/8/2007,5.22,5.12,4.74
6/11/2007,5.24,5.14,4.76
6/12/2007,5.35,5.26,4.77
6/13/2007,5.28,5.2,4.74
6/14/2007,5.3,5.23,4.73
6/15/2007,5.26,5.16,4.68
6/18/2007,5.26,5.15,4.73
6/19/2007,5.2,5.09,4.71
6/20/2007,5.24,5.14,4.77
6/21/2007,5.28,5.16,4.76
6/22/2007,5.25,5.14,4.75
6/25/2007,5.2,5.09,4.81
6/26/2007,5.22,5.1,4.81
6/27/2007,5.2,5.09,4.75
6/28/2007,5.22,5.12,4.75
6/29/2007,5.12,5.03,4.74
7/2/2007,5.09,5,4.82
7/3/2007,5.14,5.05,4.82
7/4/2007,.,.,.
7/5/2007,5.24,5.16,4.83
7/6/2007,5.28,5.19,4.81
7/9/2007,5.25,5.16,4.85
7/10/2007,5.14,5.03,4.83
7/11/2007,5.18,5.09,4.84
7/12/2007,5.22,5.13,4.85
7/13/2007,5.19,5.11,4.85
7/16/2007,5.14,5.05,4.87
7/17/2007,5.16,5.08,4.87
7/18/2007,5.1,5.02,4.85
7/19/2007,5.12,5.04,4.86
7/20/2007,5.07,4.96,4.85
7/23/2007,5.07,4.97,4.89
7/24/2007,5.05,4.94,4.87
7/25/2007,5.04,4.92,4.85
7/26/2007,4.95,4.79,4.76
7/27/2007,4.95,4.8,4.75
7/30/2007,4.97,4.82,4.8
7/31/2007,4.92,4.78,4.79
8/1/2007,4.9,4.76,4.76
8/2/2007,4.91,4.77,4.75
8/3/2007,4.87,4.71,4.72
8/6/2007,4.89,4.72,4.72
8/7/2007,4.92,4.77,4.78
8/8/2007,5.01,4.84,4.81
8/9/2007,5.02,4.79,4.67
8/10/2007,5.03,4.81,4.62
8/13/2007,5.01,4.78,4.7
8/14/2007,4.99,4.73,4.62
8/15/2007,5,4.69,4.31
8/16/2007,4.92,4.6,4.07
8/17/2007,5,4.68,4.04
8/20/2007,4.98,4.64,4.02
8/21/2007,4.95,4.6,3.93
8/22/2007,4.96,4.63,3.93
8/23/2007,4.93,4.62,4.04
8/24/2007,4.88,4.63,4.16
8/27/2007,4.87,4.6,4.51
8/28/2007,4.86,4.53,4.31
8/29/2007,4.88,4.57,4.14
8/30/2007,4.83,4.51,4.06
8/31/2007,4.83,4.54,4.06
9/3/2007,.,.,.
9/4/2007,4.84,4.56,4.35
9/5/2007,4.78,4.48,4.24
9/6/2007,4.79,4.51,4.25
9/7/2007,4.7,4.38,4.05
9/10/2007,4.65,4.34,4.05
9/11/2007,4.65,4.37,4.11
9/12/2007,4.68,4.41,4.05
9/13/2007,4.75,4.49,4.11
9/14/2007,4.72,4.47,4.07
9/17/2007,4.72,4.48,4.15
9/18/2007,4.77,4.5,3.97
9/19/2007,4.83,4.53,3.94
9/20/2007,4.96,4.69,3.96
9/21/2007,4.89,4.64,3.95
9/24/2007,4.88,4.63,3.96
9/25/2007,4.89,4.63,3.91
9/26/2007,4.9,4.63,3.91
9/27/2007,4.84,4.58,3.92
9/28/2007,4.83,4.59,3.94
10/1/2007,4.79,4.56,4
10/2/2007,4.77,4.54,4.01
10/3/2007,4.79,4.55,4.01
10/4/2007,4.77,4.54,4
10/5/2007,4.87,4.65,4.05
10/8/2007,.,.,.
10/9/2007,4.87,4.67,4.12
10/10/2007,4.86,4.65,4.11
10/11/2007,4.87,4.66,4.11
10/12/2007,4.91,4.7,4.15
10/15/2007,4.91,4.69,4.23
10/16/2007,4.9,4.66,4.17
10/17/2007,4.82,4.57,4.02
10/18/2007,4.78,4.52,3.94
10/19/2007,4.68,4.41,3.93
10/22/2007,4.68,4.42,4
10/23/2007,4.69,4.41,3.97
10/24/2007,4.64,4.36,3.86
10/25/2007,4.66,4.37,3.88
10/26/2007,4.68,4.41,3.91
10/29/2007,4.66,4.39,3.95
10/30/2007,4.68,4.4,3.92
10/31/2007,4.74,4.48,3.94
11/1/2007,4.64,4.36,3.81
11/2/2007,4.61,4.31,3.66
11/5/2007,4.63,4.35,3.8
11/6/2007,4.66,4.38,3.76
11/7/2007,4.67,4.34,3.63
11/8/2007,4.67,4.28,3.55
11/9/2007,4.61,4.23,3.52
11/12/2007,.,.,.
11/13/2007,4.61,4.26,3.63
11/14/2007,4.61,4.28,3.57
11/15/2007,4.54,4.17,3.44
11/16/2007,4.52,4.15,3.45
11/19/2007,4.47,4.07,3.43
11/20/2007,4.49,4.06,3.3
11/21/2007,4.46,4,3.17
11/22/2007,.,.,.
11/23/2007,4.43,4.01,3.28
11/26/2007,4.26,3.83,3.23
11/27/2007,4.36,3.95,3.26
11/28/2007,4.41,4.03,3.27
11/29/2007,4.35,3.94,3.19
11/30/2007,4.4,3.97,3.26
12/3/2007,4.34,3.89,3.17
12/4/2007,4.34,3.89,3.12
12/5/2007,4.39,3.92,3.14
12/6/2007,4.49,4.02,3.18
12/7/2007,4.58,4.12,3.2
12/10/2007,4.6,4.15,3.2
12/11/2007,4.47,3.98,3.07
12/12/2007,4.51,4.05,3.1
12/13/2007,4.61,4.18,3.12
12/14/2007,4.66,4.24,3.16
12/17/2007,4.62,4.2,3.28
12/18/2007,4.55,4.14,3.26
12/19/2007,4.47,4.06,3.22
12/20/2007,4.46,4.04,3.16
12/21/2007,4.58,4.18,3.27
12/24/2007,4.62,4.23,3.45
12/25/2007,.,.,.
12/26/2007,4.68,4.3,3.46
12/27/2007,4.61,4.21,3.32
12/28/2007,4.51,4.11,3.34
12/31/2007,4.45,4.04,3.37
1/1/2008,.,.,.
1/2/2008,4.35,3.91,3.21
1/3/2008,4.37,3.91,3.18
1/4/2008,4.36,3.88,3.12
1/7/2008,4.34,3.86,3.18
1/8/2008,4.35,3.86,3.16
1/9/2008,4.32,3.82,3.12
1/10/2008,4.44,3.91,3.11
1/11/2008,4.39,3.82,2.98
1/14/2008,4.37,3.81,2.97
1/15/2008,4.28,3.72,2.95
1/16/2008,4.32,3.74,2.95
1/17/2008,4.25,3.66,2.92
1/18/2008,4.28,3.66,2.78
1/21/2008,.,.,.
1/22/2008,4.23,3.52,2.34
1/23/2008,4.23,3.51,2.19
1/24/2008,4.36,3.68,2.41
1/25/2008,4.28,3.61,2.34
1/28/2008,4.29,3.61,2.29
1/29/2008,4.34,3.69,2.29
1/30/2008,4.44,3.78,2.23
1/31/2008,4.35,3.67,2.02
2/1/2008,4.32,3.62,2.09
2/4/2008,4.37,3.68,2.16
2/5/2008,4.33,3.61,2.07
2/6/2008,4.37,3.61,2.04
2/7/2008,4.51,3.74,2.07
2/8/2008,4.43,3.64,2.06
2/11/2008,4.41,3.62,2.07
2/12/2008,4.46,3.66,2.06
2/13/2008,4.52,3.7,2.04
2/14/2008,4.67,3.85,2.06
2/15/2008,4.58,3.76,2.02
2/18/2008,.,.,.
2/19/2008,4.66,3.89,2.08
2/20/2008,4.65,3.93,2.11
2/21/2008,4.54,3.77,2.04
2/22/2008,4.58,3.79,2.08
2/25/2008,4.67,3.91,2.07
2/26/2008,4.66,3.88,2.03
2/27/2008,4.65,3.85,1.97
2/28/2008,4.55,3.71,1.9
2/29/2008,4.41,3.53,1.78
3/3/2008,4.42,3.54,1.76
3/4/2008,4.52,3.63,1.72
3/5/2008,4.6,3.7,1.71
3/6/2008,4.57,3.62,1.58
3/7/2008,4.55,3.56,1.53
3/10/2008,4.45,3.46,1.42
3/11/2008,4.53,3.6,1.6
3/12/2008,4.4,3.49,1.53
3/13/2008,4.47,3.56,1.47
3/14/2008,4.35,3.44,1.29
3/17/2008,4.29,3.34,1.28
3/18/2008,4.35,3.48,1.29
3/19/2008,4.22,3.38,1.2
3/20/2008,4.17,3.34,1.18
3/21/2008,.,.,.
3/24/2008,4.33,3.56,1.57
3/25/2008,4.3,3.51,1.53
3/26/2008,4.33,3.51,1.45
3/27/2008,4.38,3.56,1.46
3/28/2008,4.33,3.47,1.47
3/31/2008,4.3,3.45,1.48
4/1/2008,4.4,3.57,1.5
4/2/2008,4.38,3.6,1.53
4/3/2008,4.4,3.61,1.53
4/4/2008,4.32,3.5,1.5
4/7/2008,4.36,3.57,1.58
4/8/2008,4.37,3.58,1.55
4/9/2008,4.31,3.49,1.48
4/10/2008,4.34,3.55,1.46
4/11/2008,4.3,3.49,1.37
4/14/2008,4.35,3.53,1.38
4/15/2008,4.42,3.6,1.39
4/16/2008,4.54,3.72,1.46
4/17/2008,4.54,3.75,1.55
4/18/2008,4.51,3.77,1.64
4/21/2008,4.48,3.75,1.65
4/22/2008,4.46,3.74,1.61
4/23/2008,4.49,3.77,1.6
4/24/2008,4.56,3.87,1.62
4/25/2008,4.61,3.91,1.69
4/28/2008,4.57,3.86,1.7
4/29/2008,4.55,3.85,1.7
4/30/2008,4.49,3.77,1.6
5/1/2008,4.49,3.78,1.69
5/2/2008,4.57,3.89,1.68
5/5/2008,4.58,3.88,1.72
5/6/2008,4.64,3.93,1.72
5/7/2008,4.61,3.87,1.71
5/8/2008,4.5,3.79,1.7
5/9/2008,4.53,3.77,1.7
5/12/2008,4.53,3.78,1.83
5/13/2008,4.62,3.9,1.85
5/14/2008,4.63,3.92,1.86
5/15/2008,4.56,3.83,1.85
5/16/2008,4.58,3.85,1.86
5/19/2008,4.56,3.83,1.85
5/20/2008,4.53,3.78,1.86
5/21/2008,4.55,3.81,1.86
5/22/2008,4.63,3.92,1.9
5/23/2008,4.57,3.85,1.89
5/26/2008,.,.,.
5/27/2008,4.65,3.93,1.9
5/28/2008,4.71,4.03,1.95
5/29/2008,4.76,4.08,1.88
5/30/2008,4.72,4.06,1.96
6/2/2008,4.68,3.98,1.95
6/3/2008,4.63,3.92,1.95
6/4/2008,4.71,3.98,1.94
6/5/2008,4.75,4.06,1.95
6/6/2008,4.65,3.94,1.95
6/9/2008,4.64,4.02,2.07
6/10/2008,4.7,4.11,2.19
6/11/2008,4.72,4.1,2.13
6/12/2008,4.77,4.23,2.22
6/13/2008,4.79,4.27,2.24
6/16/2008,4.77,4.25,2.36
6/17/2008,4.78,4.23,2.27
6/18/2008,4.72,4.16,2.23
6/19/2008,4.76,4.22,2.23
6/20/2008,4.71,4.16,2.17
6/23/2008,4.71,4.19,2.26
6/24/2008,4.65,4.1,2.2
6/25/2008,4.65,4.12,2.17
6/26/2008,4.62,4.07,2.11
6/27/2008,4.53,3.99,2.07
6/30/2008,4.53,3.99,2.12
7/1/2008,4.55,4.01,2.08
7/2/2008,4.51,3.99,2.05
7/3/2008,4.53,3.99,2.04
7/4/2008,.,.,.
7/7/2008,4.51,3.95,2.05
7/8/2008,4.46,3.91,2.04
7/9/2008,4.42,3.85,2
7/10/2008,4.42,3.83,1.96
7/11/2008,4.52,3.96,1.96
7/14/2008,4.47,3.9,1.91
7/15/2008,4.48,3.87,1.86
7/16/2008,4.59,3.97,1.84
7/17/2008,4.65,4.07,1.87
7/18/2008,4.66,4.11,1.86
7/21/2008,4.64,4.09,1.89
7/22/2008,4.67,4.14,1.9
7/23/2008,4.69,4.16,1.86
7/24/2008,4.6,4.03,1.85
7/25/2008,4.69,4.13,1.9
7/28/2008,4.63,4.06,1.88
7/29/2008,4.64,4.09,1.91
7/30/2008,4.64,4.07,1.85
7/31/2008,4.59,3.99,1.84
8/1/2008,4.57,3.97,1.83
8/4/2008,4.58,3.98,1.93
8/5/2008,4.63,4.04,1.92
8/6/2008,4.68,4.06,1.87
8/7/2008,4.56,3.92,1.87
8/8/2008,4.55,3.94,1.9
8/11/2008,4.61,3.99,2
8/12/2008,4.55,3.91,2
8/13/2008,4.57,3.94,1.95
8/14/2008,4.52,3.89,1.95
8/15/2008,4.47,3.84,1.94
8/18/2008,4.44,3.82,1.98
8/19/2008,4.47,3.83,1.92
8/20/2008,4.43,3.79,1.86
8/21/2008,4.46,3.84,1.9
8/22/2008,4.46,3.87,1.92
8/25/2008,4.4,3.79,1.92
8/26/2008,4.4,3.79,1.9
8/27/2008,4.38,3.77,1.88
8/28/2008,4.38,3.79,1.93
8/29/2008,4.43,3.83,1.92
9/1/2008,.,.,.
9/2/2008,4.36,3.74,1.89
9/3/2008,4.32,3.71,1.86
9/4/2008,4.27,3.64,1.85
9/5/2008,4.27,3.66,1.86
9/8/2008,4.26,3.66,1.88
9/9/2008,4.2,3.62,1.85
9/10/2008,4.23,3.65,1.83
9/11/2008,4.2,3.64,1.81
9/12/2008,4.32,3.74,1.8
9/15/2008,4.12,3.47,1.52
9/16/2008,4.08,3.48,1.5
9/17/2008,4.08,3.41,1.02
9/18/2008,4.14,3.54,0.78
9/19/2008,4.36,3.78,1.51
9/22/2008,4.41,3.83,1.73
9/23/2008,4.43,3.85,1.61
9/24/2008,4.4,3.8,1.43
9/25/2008,4.4,3.88,1.54
9/26/2008,4.36,3.85,1.51
9/29/2008,4.13,3.61,1.46
9/30/2008,4.31,3.85,1.57
10/1/2008,4.22,3.77,1.46
10/2/2008,4.16,3.66,1.19
10/3/2008,4.11,3.63,1.11
10/6/2008,3.99,3.48,1.1
10/7/2008,4.01,3.5,1.12
10/8/2008,4.09,3.72,1.05
10/9/2008,4.14,3.84,1.05
10/10/2008,4.15,3.89,0.82
10/13/2008,.,.,.
10/14/2008,4.27,4.08,1.05
10/15/2008,4.25,4.04,0.9
10/16/2008,4.25,3.99,1.16
10/17/2008,4.32,3.98,1.22
10/20/2008,4.26,3.91,1.7
10/21/2008,4.2,3.76,1.58
10/22/2008,4.07,3.65,1.5
10/23/2008,3.99,3.63,1.48
10/24/2008,4.11,3.76,1.4
10/27/2008,4.12,3.79,1.34
10/28/2008,4.19,3.89,1.23
10/29/2008,4.26,3.93,1.08
10/30/2008,4.3,4,0.98
10/31/2008,4.35,4.01,0.92
11/3/2008,4.33,3.96,1.06
11/4/2008,4.2,3.81,1.02
11/5/2008,4.13,3.73,0.89
11/6/2008,4.19,3.75,0.82
11/7/2008,4.25,3.83,0.82
11/10/2008,4.21,3.82,0.91
11/11/2008,.,.,.
11/12/2008,4.17,3.75,0.74
11/13/2008,4.34,3.84,0.92
11/14/2008,4.22,3.72,0.88
11/17/2008,4.2,3.68,0.81
11/18/2008,4.14,3.53,0.76
11/19/2008,3.96,3.38,0.65
11/20/2008,3.64,3.1,0.51
11/21/2008,3.7,3.2,0.44
11/24/2008,3.78,3.35,0.54
11/25/2008,3.63,3.11,0.53
11/26/2008,3.54,2.99,0.48
11/27/2008,.,.,.
11/28/2008,3.45,2.93,0.43
12/1/2008,3.22,2.72,0.44
12/2/2008,3.18,2.68,0.42
12/3/2008,3.17,2.67,0.35
12/4/2008,3.06,2.55,0.26
12/5/2008,3.11,2.67,0.22
12/8/2008,3.16,2.77,0.28
12/9/2008,3.06,2.67,0.25
12/10/2008,3.09,2.69,0.21
12/11/2008,3.07,2.64,0.22
12/12/2008,3.07,2.6,0.21
12/15/2008,2.98,2.53,0.28
12/16/2008,2.86,2.37,0.23
12/17/2008,2.66,2.2,0.19
12/18/2008,2.53,2.08,0.15
12/19/2008,2.55,2.13,0.14
12/22/2008,2.6,2.16,0.27
12/23/2008,2.63,2.18,0.26
12/24/2008,2.63,2.2,0.23
12/25/2008,.,.,.
12/26/2008,2.61,2.16,0.23
12/29/2008,2.63,2.13,0.25
12/30/2008,2.58,2.11,0.26
12/31/2008,2.69,2.25,0.27
1/1/2009,.,.,.
1/2/2009,2.83,2.46,0.28
1/5/2009,3,2.49,0.32
1/6/2009,3.04,2.51,0.31
1/7/2009,3.05,2.52,0.29
1/8/2009,3.04,2.47,0.28
1/9/2009,3.04,2.43,0.28
1/12/2009,2.99,2.34,0.29
1/13/2009,3,2.33,0.29
1/14/2009,2.89,2.24,0.28
1/15/2009,2.86,2.23,0.29
1/16/2009,2.89,2.36,0.29
1/19/2009,.,.,.
1/20/2009,2.97,2.4,0.3
1/21/2009,3.15,2.56,0.3
1/22/2009,3.25,2.62,0.29
1/23/2009,3.32,2.65,0.3
1/26/2009,3.39,2.7,0.34
1/27/2009,3.26,2.59,0.32
1/28/2009,3.44,2.71,0.33
1/29/2009,3.57,2.87,0.35
1/30/2009,3.58,2.87,0.35
2/2/2009,3.47,2.76,0.39
2/3/2009,3.64,2.89,0.4
2/4/2009,3.65,2.95,0.4
2/5/2009,3.63,2.95,0.42
2/6/2009,3.7,3.05,0.43
2/9/2009,3.69,3.07,0.47
2/10/2009,3.54,2.9,0.44
2/11/2009,3.45,2.78,0.45
2/12/2009,3.47,2.75,0.42
2/13/2009,3.68,2.89,0.45
2/16/2009,.,.,.
2/17/2009,3.47,2.64,0.47
2/18/2009,3.54,2.74,0.49
2/19/2009,3.68,2.85,0.5
2/20/2009,3.56,2.78,0.47
2/23/2009,3.53,2.78,0.5
2/24/2009,3.49,2.8,0.49
2/25/2009,3.59,2.95,0.51
2/26/2009,3.66,2.98,0.46
2/27/2009,3.71,3.02,0.44
3/2/2009,3.64,2.91,0.44
3/3/2009,3.67,2.93,0.43
3/4/2009,3.69,3.01,0.43
3/5/2009,3.51,2.83,0.39
3/6/2009,3.5,2.83,0.38
3/9/2009,3.59,2.89,0.46
3/10/2009,3.7,2.99,0.46
3/11/2009,3.67,2.95,0.45
3/12/2009,3.63,2.89,0.44
3/13/2009,3.66,2.89,0.41
3/16/2009,3.76,2.97,0.45
3/17/2009,3.83,3.02,0.44
3/18/2009,3.57,2.51,0.39
3/19/2009,3.62,2.61,0.39
3/20/2009,3.65,2.65,0.4
3/23/2009,3.69,2.68,0.4
3/24/2009,3.6,2.68,0.41
3/25/2009,3.73,2.81,0.4
3/26/2009,3.66,2.76,0.38
3/27/2009,3.62,2.78,0.38
3/30/2009,3.6,2.73,0.41
3/31/2009,3.56,2.71,0.42
4/1/2009,3.51,2.68,0.4
4/2/2009,3.57,2.77,0.4
4/3/2009,3.7,2.91,0.41
4/6/2009,3.73,2.95,0.4
4/7/2009,3.72,2.93,0.39
4/8/2009,3.66,2.86,0.38
4/9/2009,3.76,2.96,0.38
4/10/2009,.,.,.
4/13/2009,3.69,2.88,0.37
4/14/2009,3.64,2.8,0.35
4/15/2009,3.66,2.82,0.33
4/16/2009,3.72,2.86,0.32
4/17/2009,3.79,2.98,0.35
4/20/2009,3.69,2.88,0.34
4/21/2009,3.74,2.94,0.34
4/22/2009,3.82,2.98,0.32
4/23/2009,3.8,2.96,0.3
4/24/2009,3.89,3.03,0.3
4/27/2009,3.84,2.95,0.3
4/28/2009,3.97,3.05,0.31
4/29/2009,4.01,3.12,0.28
4/30/2009,4.05,3.16,0.28
5/1/2009,4.09,3.21,0.3
5/4/2009,4.06,3.19,0.33
5/5/2009,4.06,3.2,0.33
5/6/2009,4.09,3.18,0.31
5/7/2009,4.25,3.29,0.31
5/8/2009,4.28,3.29,0.3
5/11/2009,4.18,3.17,0.3
5/12/2009,4.16,3.17,0.3
5/13/2009,4.09,3.11,0.29
5/14/2009,4.06,3.1,0.27
5/15/2009,4.09,3.14,0.28
5/18/2009,4.18,3.22,0.3
5/19/2009,4.21,3.25,0.29
5/20/2009,4.14,3.19,0.27
5/21/2009,4.3,3.35,0.29
5/22/2009,4.38,3.45,0.29
5/25/2009,.,.,.
5/26/2009,4.45,3.5,0.3
5/27/2009,4.59,3.71,0.29
5/28/2009,4.54,3.67,0.3
5/29/2009,4.34,3.47,0.29
6/1/2009,4.55,3.71,0.29
6/2/2009,4.5,3.65,0.27
6/3/2009,4.45,3.56,0.26
6/4/2009,4.58,3.72,0.27
6/5/2009,4.63,3.84,0.34
6/8/2009,4.65,3.91,0.35
6/9/2009,4.64,3.86,0.31
6/10/2009,4.76,3.98,0.31
6/11/2009,4.69,3.88,0.3
6/12/2009,4.65,3.81,0.28
6/15/2009,4.61,3.76,0.29
6/16/2009,4.48,3.67,0.3
6/17/2009,4.5,3.68,0.31
6/18/2009,4.63,3.86,0.33
6/19/2009,4.52,3.79,0.32
6/22/2009,4.45,3.72,0.34
6/23/2009,4.37,3.65,0.34
6/24/2009,4.44,3.72,0.32
6/25/2009,4.33,3.55,0.3
6/26/2009,4.3,3.52,0.3
6/29/2009,4.31,3.51,0.36
6/30/2009,4.32,3.53,0.35
7/1/2009,4.34,3.55,0.32
7/2/2009,4.32,3.51,0.31
7/3/2009,.,.,.
7/6/2009,4.35,3.52,0.28
7/7/2009,4.31,3.47,0.28
7/8/2009,4.17,3.33,0.26
7/9/2009,4.31,3.44,0.26
7/10/2009,4.2,3.32,0.25
7/13/2009,4.25,3.38,0.28
7/14/2009,4.38,3.5,0.28
7/15/2009,4.48,3.63,0.28
7/16/2009,4.45,3.59,0.27
7/17/2009,4.53,3.67,0.28
7/20/2009,4.47,3.61,0.28
7/21/2009,4.38,3.5,0.27
7/22/2009,4.45,3.58,0.27
7/23/2009,4.58,3.72,0.28
7/24/2009,4.55,3.7,0.28
7/27/2009,4.62,3.75,0.27
7/28/2009,4.56,3.72,0.26
7/29/2009,4.5,3.69,0.26
7/30/2009,4.44,3.67,0.26
7/31/2009,4.31,3.52,0.25
8/3/2009,4.42,3.66,0.28
8/4/2009,4.45,3.7,0.28
8/5/2009,4.57,3.8,0.28
8/6/2009,4.53,3.79,0.27
8/7/2009,4.61,3.89,0.29
8/10/2009,4.52,3.8,0.29
8/11/2009,4.44,3.71,0.28
8/12/2009,4.53,3.72,0.27
8/13/2009,4.44,3.59,0.27
8/14/2009,4.41,3.55,0.25
8/17/2009,4.33,3.48,0.27
8/18/2009,4.35,3.51,0.27
8/19/2009,4.28,3.45,0.25
8/20/2009,4.24,3.42,0.25
8/21/2009,4.36,3.56,0.25
8/24/2009,4.27,3.48,0.26
8/25/2009,4.22,3.45,0.26
8/26/2009,4.2,3.44,0.25
8/27/2009,4.23,3.47,0.25
8/28/2009,4.21,3.46,0.24
8/31/2009,4.18,3.4,0.24
9/1/2009,4.19,3.38,0.23
9/2/2009,4.09,3.29,0.22
9/3/2009,4.15,3.33,0.23
9/4/2009,4.27,3.45,0.23
9/7/2009,.,.,.
9/8/2009,4.31,3.47,0.24
9/9/2009,4.33,3.48,0.22
9/10/2009,4.19,3.36,0.21
9/11/2009,4.18,3.34,0.21
9/14/2009,4.22,3.42,0.21
9/15/2009,4.27,3.47,0.21
9/16/2009,4.26,3.48,0.2
9/17/2009,4.19,3.42,0.2
9/18/2009,4.24,3.49,0.2
9/21/2009,4.23,3.49,0.2
9/22/2009,4.2,3.46,0.2
9/23/2009,4.21,3.44,0.2
9/24/2009,4.17,3.4,0.19
9/25/2009,4.1,3.34,0.2
9/28/2009,4.04,3.31,0.18
9/29/2009,4.03,3.31,0.19
9/30/2009,4.03,3.31,0.18
10/1/2009,3.97,3.21,0.15
10/2/2009,4.01,3.24,0.15
10/5/2009,4.01,3.24,0.15
10/6/2009,4.07,3.27,0.15
10/7/2009,3.99,3.21,0.14
10/8/2009,4.09,3.27,0.15
10/9/2009,4.22,3.4,0.16
10/12/2009,.,.,.
10/13/2009,4.16,3.34,0.15
10/14/2009,4.28,3.45,0.15
10/15/2009,4.31,3.49,0.15
10/16/2009,4.24,3.43,0.17
10/19/2009,4.21,3.41,0.18
10/20/2009,4.16,3.35,0.17
10/21/2009,4.22,3.42,0.17
10/22/2009,4.24,3.44,0.15
10/23/2009,4.29,3.51,0.18
10/26/2009,4.37,3.59,0.18
10/27/2009,4.29,3.49,0.17
10/28/2009,4.25,3.44,0.17
10/29/2009,4.35,3.53,0.17
10/30/2009,4.23,3.41,0.16
11/2/2009,4.26,3.45,0.17
11/3/2009,4.34,3.5,0.17
11/4/2009,4.41,3.57,0.16
11/5/2009,4.41,3.57,0.16
11/6/2009,4.4,3.54,0.16
11/9/2009,4.4,3.52,0.17
11/10/2009,4.41,3.5,0.16
11/11/2009,.,.,.
11/12/2009,4.41,3.45,0.16
11/13/2009,4.36,3.43,0.17
11/16/2009,4.26,3.33,0.17
11/17/2009,4.26,3.33,0.16
11/18/2009,4.29,3.36,0.15
11/19/2009,4.29,3.35,0.14
11/20/2009,4.3,3.36,0.13
11/23/2009,4.29,3.37,0.14
11/24/2009,4.25,3.32,0.14
11/25/2009,4.23,3.28,0.14
11/26/2009,.,.,.
11/27/2009,4.21,3.21,0.14
11/30/2009,4.2,3.21,0.15
12/1/2009,4.26,3.28,0.15
12/2/2009,4.26,3.32,0.15
12/3/2009,4.33,3.39,0.16
12/4/2009,4.4,3.48,0.17
12/7/2009,4.4,3.44,0.16
12/8/2009,4.39,3.4,0.15
12/9/2009,4.41,3.45,0.14
12/10/2009,4.5,3.49,0.15
12/11/2009,4.49,3.55,0.16
12/14/2009,4.49,3.56,0.16
12/15/2009,4.52,3.6,0.17
12/16/2009,4.52,3.61,0.17
12/17/2009,4.42,3.5,0.15
12/18/2009,4.46,3.55,0.16
12/21/2009,4.56,3.69,0.17
12/22/2009,4.6,3.76,0.18
12/23/2009,4.61,3.77,0.17
12/24/2009,4.68,3.82,0.18
12/25/2009,.,.,.
12/28/2009,4.69,3.85,0.2
12/29/2009,4.64,3.82,0.2
12/30/2009,4.61,3.8,0.19
12/31/2009,4.63,3.85,0.2
1/1/2010,.,.,.
1/4/2010,4.65,3.85,0.18
1/5/2010,4.59,3.77,0.17
1/6/2010,4.7,3.85,0.15
1/7/2010,4.69,3.85,0.16
1/8/2010,4.7,3.83,0.15
1/11/2010,4.74,3.85,0.13
1/12/2010,4.62,3.74,0.14
1/13/2010,4.71,3.8,0.15
1/14/2010,4.63,3.76,0.14
1/15/2010,4.58,3.7,0.15
1/18/2010,.,.,.
1/19/2010,4.6,3.73,0.14
1/20/2010,4.54,3.68,0.14
1/21/2010,4.5,3.62,0.14
1/22/2010,4.5,3.62,0.14
1/25/2010,4.55,3.66,0.14
1/26/2010,4.56,3.65,0.14
1/27/2010,4.55,3.66,0.16
1/28/2010,4.57,3.68,0.15
1/29/2010,4.51,3.63,0.15
2/1/2010,4.56,3.68,0.17
2/2/2010,4.55,3.67,0.17
2/3/2010,4.62,3.73,0.17
2/4/2010,4.53,3.62,0.16
2/5/2010,4.51,3.59,0.17
2/8/2010,4.52,3.62,0.17
2/9/2010,4.58,3.67,0.18
2/10/2010,4.65,3.72,0.19
2/11/2010,4.69,3.73,0.18
2/12/2010,4.66,3.69,0.18
2/15/2010,.,.,.
2/16/2010,4.63,3.66,0.18
2/17/2010,4.7,3.74,0.18
2/18/2010,4.74,3.79,0.18
2/19/2010,4.71,3.78,0.2
2/22/2010,4.73,3.8,0.19
2/23/2010,4.63,3.69,0.2
2/24/2010,4.63,3.7,0.19
2/25/2010,4.58,3.64,0.19
2/26/2010,4.55,3.61,0.19
3/1/2010,4.56,3.61,0.19
3/2/2010,4.57,3.62,0.19
3/3/2010,4.58,3.63,0.19
3/4/2010,4.56,3.61,0.19
3/5/2010,4.64,3.69,0.2
3/8/2010,4.68,3.72,0.21
3/9/2010,4.68,3.71,0.21
3/10/2010,4.69,3.73,0.21
3/11/2010,4.66,3.73,0.22
3/12/2010,4.62,3.71,0.23
3/15/2010,4.63,3.71,0.24
3/16/2010,4.59,3.66,0.24
3/17/2010,4.56,3.65,0.23
3/18/2010,4.59,3.68,0.25
3/19/2010,4.58,3.7,0.24
3/22/2010,4.57,3.67,0.24
3/23/2010,4.6,3.69,0.23
3/24/2010,4.72,3.84,0.23
3/25/2010,4.77,3.91,0.24
3/26/2010,4.75,3.86,0.24
3/29/2010,4.76,3.88,0.24
3/30/2010,4.75,3.88,0.24
3/31/2010,4.72,3.84,0.24
4/1/2010,4.74,3.89,0.24
4/2/2010,4.81,3.96,0.25
4/5/2010,4.85,4.01,0.27
4/6/2010,4.84,3.98,0.26
4/7/2010,4.74,3.89,0.25
4/8/2010,4.75,3.91,0.24
4/9/2010,4.74,3.9,0.24
4/12/2010,4.7,3.87,0.24
4/13/2010,4.68,3.84,0.24
4/14/2010,4.72,3.88,0.24
4/15/2010,4.72,3.86,0.23
4/16/2010,4.67,3.79,0.23
4/19/2010,4.7,3.83,0.23
4/20/2010,4.67,3.82,0.24
4/21/2010,4.61,3.77,0.23
4/22/2010,4.65,3.8,0.24
4/23/2010,4.67,3.84,0.25
4/26/2010,4.67,3.83,0.25
4/27/2010,4.56,3.71,0.24
4/28/2010,4.63,3.8,0.24
4/29/2010,4.6,3.76,0.23
4/30/2010,4.53,3.69,0.24
5/3/2010,4.53,3.72,0.25
5/4/2010,4.43,3.63,0.24
5/5/2010,4.39,3.58,0.22
5/6/2010,4.19,3.41,0.16
5/7/2010,4.28,3.45,0.2
5/10/2010,4.41,3.57,0.22
5/11/2010,4.42,3.56,0.23
5/12/2010,4.47,3.56,0.22
5/13/2010,4.47,3.55,0.22
5/14/2010,4.32,3.44,0.22
5/17/2010,4.35,3.47,0.23
5/18/2010,4.26,3.38,0.23
5/19/2010,4.24,3.36,0.23
5/20/2010,4.13,3.25,0.22
5/21/2010,4.07,3.2,0.23
5/24/2010,4.12,3.23,0.23
5/25/2010,4.07,3.18,0.22
5/26/2010,4.11,3.21,0.23
5/27/2010,4.24,3.34,0.23
5/28/2010,4.22,3.31,0.22
5/31/2010,.,.,.
6/1/2010,4.19,3.29,0.23
6/2/2010,4.24,3.35,0.22
6/3/2010,4.29,3.39,0.22
6/4/2010,4.13,3.2,0.22
6/7/2010,4.11,3.17,0.21
6/8/2010,4.1,3.18,0.19
6/9/2010,4.12,3.2,0.17
6/10/2010,4.25,3.33,0.18
6/11/2010,4.15,3.24,0.16
6/14/2010,4.2,3.28,0.15
6/15/2010,4.23,3.32,0.16
6/16/2010,4.18,3.27,0.17
6/17/2010,4.13,3.21,0.16
6/18/2010,4.15,3.24,0.17
6/21/2010,4.17,3.26,0.17
6/22/2010,4.1,3.18,0.18
6/23/2010,4.05,3.13,0.19
6/24/2010,4.09,3.14,0.19
6/25/2010,4.07,3.12,0.2
6/28/2010,4.01,3.05,0.22
6/29/2010,3.94,2.97,0.22
6/30/2010,3.91,2.97,0.22
7/1/2010,3.88,2.96,0.22
7/2/2010,3.94,3,0.22
7/5/2010,.,.,.
7/6/2010,3.89,2.95,0.21
7/7/2010,3.96,3,0.2
7/8/2010,4,3.04,0.19
7/9/2010,4.04,3.07,0.2
7/12/2010,4.05,3.08,0.2
7/13/2010,4.1,3.15,0.2
7/14/2010,4.03,3.07,0.19
7/15/2010,3.97,3,0.2
7/16/2010,3.95,2.96,0.19
7/19/2010,3.99,2.99,0.2
7/20/2010,3.99,2.98,0.19
7/21/2010,3.89,2.9,0.19
7/22/2010,3.95,2.96,0.2
7/23/2010,4.01,3.02,0.2
7/26/2010,4.03,3.03,0.2
7/27/2010,4.08,3.08,0.21
7/28/2010,4.07,3.03,0.2
7/29/2010,4.08,3.03,0.2
7/30/2010,3.98,2.94,0.2
8/2/2010,4.06,2.99,0.2
8/3/2010,4.04,2.94,0.2
8/4/2010,4.07,2.98,0.2
8/5/2010,4.05,2.94,0.19
8/6/2010,4,2.86,0.19
8/9/2010,4.01,2.86,0.19
8/10/2010,4,2.79,0.19
8/11/2010,3.93,2.72,0.19
8/12/2010,3.94,2.74,0.18
8/13/2010,3.87,2.68,0.19
8/16/2010,3.72,2.58,0.19
8/17/2010,3.77,2.64,0.19
8/18/2010,3.73,2.64,0.19
8/19/2010,3.66,2.58,0.19
8/20/2010,3.67,2.62,0.19
8/23/2010,3.65,2.6,0.19
8/24/2010,3.57,2.5,0.2
8/25/2010,3.59,2.54,0.19
8/26/2010,3.53,2.5,0.19
8/27/2010,3.69,2.66,0.19
8/30/2010,3.6,2.54,0.19
8/31/2010,3.52,2.47,0.19
9/1/2010,3.65,2.58,0.19
9/2/2010,3.72,2.63,0.18
9/3/2010,3.79,2.72,0.19
9/6/2010,.,.,.
9/7/2010,3.67,2.61,0.18
9/8/2010,3.72,2.66,0.19
9/9/2010,3.84,2.77,0.19
9/10/2010,3.88,2.81,0.19
9/13/2010,3.83,2.74,0.19
9/14/2010,3.79,2.68,0.2
9/15/2010,3.87,2.74,0.2
9/16/2010,3.92,2.77,0.2
9/17/2010,3.9,2.75,0.2
9/20/2010,3.87,2.72,0.2
9/21/2010,3.79,2.61,0.2
9/22/2010,3.74,2.56,0.19
9/23/2010,3.73,2.56,0.2
9/24/2010,3.79,2.62,0.19
9/27/2010,3.7,2.54,0.19
9/28/2010,3.66,2.48,0.2
9/29/2010,3.69,2.52,0.2
9/30/2010,3.69,2.53,0.19
10/1/2010,3.71,2.54,0.19
10/4/2010,3.71,2.5,0.19
10/5/2010,3.74,2.5,0.18
10/6/2010,3.67,2.41,0.17
10/7/2010,3.72,2.41,0.17
10/8/2010,3.75,2.41,0.16
10/11/2010,.,.,.
10/12/2010,3.8,2.44,0.17
10/13/2010,3.84,2.46,0.18
10/14/2010,3.91,2.52,0.17
10/15/2010,3.98,2.59,0.17
10/18/2010,3.93,2.52,0.18
10/19/2010,3.9,2.5,0.18
10/20/2010,3.89,2.51,0.17
10/21/2010,3.95,2.57,0.18
10/22/2010,3.94,2.59,0.18
10/25/2010,3.91,2.59,0.18
10/26/2010,4,2.67,0.18
10/27/2010,4.06,2.75,0.18
10/28/2010,4.05,2.69,0.18
10/29/2010,3.99,2.63,0.17
11/1/2010,4.01,2.66,0.16
11/2/2010,3.93,2.63,0.16
11/3/2010,4.09,2.67,0.16
11/4/2010,4.04,2.53,0.17
11/5/2010,4.12,2.58,0.16
11/8/2010,4.12,2.6,0.16
11/9/2010,4.25,2.72,0.16
11/10/2010,4.25,2.65,0.16
11/11/2010,.,.,.
11/12/2010,4.26,2.76,0.17
11/15/2010,4.38,2.92,0.19
11/16/2010,4.26,2.85,0.19
11/17/2010,4.31,2.89,0.19
11/18/2010,4.29,2.9,0.19
11/19/2010,4.25,2.88,0.19
11/22/2010,4.2,2.8,0.2
11/23/2010,4.18,2.77,0.2
11/24/2010,4.29,2.93,0.2
11/25/2010,.,.,.
11/26/2010,4.21,2.87,0.21
11/29/2010,4.16,2.84,0.21
11/30/2010,4.12,2.81,0.21
12/1/2010,4.24,2.97,0.2
12/2/2010,4.27,3.01,0.19
12/3/2010,4.32,3.03,0.19
12/6/2010,4.25,2.95,0.19
12/7/2010,4.39,3.15,0.19
12/8/2010,4.45,3.26,0.18
12/9/2010,4.41,3.23,0.18
12/10/2010,4.43,3.32,0.18
12/13/2010,4.39,3.29,0.19
12/14/2010,4.54,3.49,0.2
12/15/2010,4.59,3.53,0.2
12/16/2010,4.57,3.47,0.19
12/17/2010,4.41,3.33,0.18
12/20/2010,4.44,3.36,0.19
12/21/2010,4.44,3.35,0.19
12/22/2010,4.45,3.36,0.2
12/23/2010,4.47,3.41,0.19
12/24/2010,.,.,.
12/27/2010,4.42,3.36,0.22
12/28/2010,4.53,3.5,0.21
12/29/2010,4.41,3.35,0.2
12/30/2010,4.43,3.38,0.2
12/31/2010,4.34,3.3,0.19
1/3/2011,4.39,3.36,0.19
1/4/2011,4.44,3.36,0.19
1/5/2011,4.55,3.5,0.19
1/6/2011,4.53,3.44,0.18
1/7/2011,4.48,3.34,0.18
1/10/2011,4.47,3.32,0.18
1/11/2011,4.49,3.37,0.19
1/12/2011,4.52,3.4,0.18
1/13/2011,4.5,3.34,0.18
1/14/2011,4.53,3.35,0.18
1/17/2011,.,.,.
1/18/2011,4.56,3.39,0.19
1/19/2011,4.53,3.37,0.19
1/20/2011,4.6,3.47,0.19
1/21/2011,4.57,3.44,0.19
1/24/2011,4.55,3.43,0.18
1/25/2011,4.48,3.35,0.18
1/26/2011,4.59,3.45,0.18
1/27/2011,4.57,3.42,0.17
1/28/2011,4.53,3.36,0.15
1/31/2011,4.58,3.42,0.17
2/1/2011,4.62,3.48,0.18
2/2/2011,4.64,3.52,0.18
2/3/2011,4.67,3.58,0.18
2/4/2011,4.73,3.68,0.18
2/7/2011,4.71,3.68,0.18
2/8/2011,4.76,3.75,0.18
2/9/2011,4.71,3.65,0.18
2/10/2011,4.75,3.7,0.16
2/11/2011,4.71,3.64,0.16
2/14/2011,4.67,3.62,0.17
2/15/2011,4.66,3.61,0.17
2/16/2011,4.67,3.62,0.16
2/17/2011,4.66,3.58,0.15
2/18/2011,4.7,3.59,0.15
2/21/2011,.,.,.
2/22/2011,4.6,3.46,0.16
2/23/2011,4.59,3.49,0.16
2/24/2011,4.54,3.46,0.16
2/25/2011,4.51,3.42,0.16
2/28/2011,4.49,3.42,0.18
3/1/2011,4.48,3.41,0.16
3/2/2011,4.54,3.46,0.17
3/3/2011,4.64,3.58,0.16
3/4/2011,4.6,3.49,0.16
3/7/2011,4.61,3.51,0.16
3/8/2011,4.66,3.56,0.16
3/9/2011,4.6,3.48,0.15
3/10/2011,4.53,3.37,0.14
3/11/2011,4.54,3.4,0.13
3/14/2011,4.52,3.36,0.14
3/15/2011,4.47,3.33,0.14
3/16/2011,4.38,3.22,0.14
3/17/2011,4.42,3.25,0.14
3/18/2011,4.43,3.28,0.14
3/21/2011,4.45,3.34,0.16
3/22/2011,4.44,3.34,0.16
3/23/2011,4.44,3.36,0.15
3/24/2011,4.48,3.42,0.17
3/25/2011,4.51,3.46,0.17
3/28/2011,4.51,3.47,0.18
3/29/2011,4.54,3.5,0.17
3/30/2011,4.52,3.47,0.17
3/31/2011,4.51,3.47,0.17
